0.004,0.018019528458552217,0.0,0.006000626104099904,1.5004695851560852,-0.006001511012603267,-1.5011332762321616,0
0.008,0.03609772434912824,0.0,0.012005009172347592,1.5018785526978662,-0.012012088905131169,-1.5045336071570732,0
0.012,0.05427397282617004,0.0,0.01801690786144361,1.5042275358183095,-0.01804080456243984,-1.5102024897834991,0
0.016,0.072588069378965,0.0,0.02404008418894721,1.5075175797278118,-0.02409673680174862,-1.5181423868129222,0
0.02,0.09108038401290204,0.0,0.030078305152927864,1.5117501264158768,-0.030188976144620572,-1.5283566779532538,0
0.024,0.10979202542404604,0.0,0.03613534427823506,1.5169269931780824,-0.03632662835451406,-1.540849591335892,0
0.028,0.12876500508749977,0.0,0.04221498306418603,1.5230503447724058,-0.04251881765954302,-1.555626114624532,0
0.032,0.14804240112100148,0.0,0.048321012307859235,1.5301226590362906,-0.04877468957822284,-1.5726918853053298,0
0.036000000000000004,0.16766852171224184,0.0,0.05445723327645524,1.5381466857675714,-0.05510341326375379,-1.5920530595626785,0
0.04000000000000001,0.18768906781107964,0.0,0.06062745870134645,1.547125398650039,-0.061514183279889334,-1.613716159077623,0
0.04400000000000001,0.2081512946858109,0.0,0.06683551356552986,1.5570619399895103,-0.0680162207186612,-1.6376878950412064,0
0.048000000000000015,0.22910417182559625,0.0,0.07308523565524361,1.567959558020351,-0.07461877356738755,-1.6639749686577257,0
0.05200000000000002,0.2505985405389034,0.0,0.07938047584555763,1.5798215365473214,-0.08133111622947586,-1.6925838474283765,0
0.05600000000000002,0.27268726845040814,0.0,0.08572509808883666,1.592651116705328,-0.08816254810082302,-1.7235205165600667,0
0.060000000000000026,0.29542539993654954,0.0,0.09212297907415978,1.606451410652346,-0.09512239110114784,-1.7567902049437032,0
0.06400000000000003,0.3188703013635721,0.0,0.09857800752514656,1.6212253070606935,-0.10221998605767535,-1.7923970852978806,0
0.06800000000000003,0.3430817998026349,0.0,0.1050940831032201,1.6369753683414106,-0.10946468783735774,-1.8303439482847412,0
0.07200000000000004,0.36812231369627846,0.0,0.11167511488326065,1.6537037196281126,-0.11686585912359382,-1.8706318506820465,0
0.07600000000000004,0.39405697374181564,0.0,0.11832501936892781,1.6714119296627348,-0.12443286273440446,-1.9132597380461582,0
0.08000000000000004,0.42095373204355624,0.0,0.12504771801578096,1.6901008838682074,-0.13217505238160276,-1.958224042731071,0
0.08400000000000005,0.4488834573716896,0.0,0.13184713423178884,1.7097706500641259,-0.14010176177496225,-2.0055182586441482,0
0.08800000000000005,0.47792001415680097,0.0,0.138727189827049,1.7304203374821772,-0.1482222919820737,-2.0551324947234364,0
0.09200000000000005,0.5081403226522637,0.0,0.1456918008876027,1.752047949968954,-0.1565458969638973,-2.107053009815647,0
0.09600000000000006,0.5396243975203264,0.0,0.15274487305230755,1.7746502345242918,-0.16508176721825985,-2.161261732416247,0
0.10000000000000006,0.5724553619510863,0.0,0.159890296176874,1.7982225266115426,-0.1738390114790893,-2.21773576959772,0
0.10400000000000006,0.6067194343174557,0.0,0.1671319383755474,1.8227585939887596,-0.18282663643835306,-2.276446910388193,0
0.10800000000000007,0.6425058843155116,0.0,0.17447363943857264,1.8482504811411873,-0.19205352448065716,-2.3373611298537007,0
0.11200000000000007,0.6799069555509349,0.0,0.18191920363256342,1.8746883567381125,-0.20152840944754402,-2.400438101160207,0
0.11600000000000008,0.7190177516217109,0.0,0.18947239190131082,1.9020603668809903,-0.21125985047965745,-2.4656307239156963,0
0.12000000000000008,0.7599360829278825,0.0,0.19713691349627505,1.9303524972422152,-0.22125620402016244,-2.532884678080193,0
0.12400000000000008,0.8027622717231856,0.0,0.2049164170790414,1.9595484474998521,-0.2315255941017904,-2.602138013636864,0
0.12800000000000009,0.8475989133214994,0.0,0.2128144813521864,1.9896295217355948,-0.24207588108225275,-2.6733207869879156,0
0.1320000000000001,0.8945505918913434,0.0,0.22083460529007537,2.0205745386617733,-0.2529146290378508,-2.746354755616579,0
0.1360000000000001,0.943723549918671,0.0,0.22898019805685266,2.0523597656577213,-0.26404907207202255,-2.821153142879172,0
0.1400000000000001,0.9952253111918268,0.0,0.23725456871486017,2.084958880605208,-0.27548607984312845,-2.897620484796274,0
0.1440000000000001,1.049164258056933,0.0,0.24566091584247918,2.1183429653968573,-0.28723212266267506,-2.9756525703395416,0
0.1480000000000001,1.1056491646947209,0.0,0.2542023171954444,2.152480534732719,-0.2992932365596772,-3.055136485907923,0
0.1520000000000001,1.1647886892612422,0.0,0.2628817195593336,2.187337603404724,-0.3116749887472703,-3.135950773413538,0
0.1560000000000001,1.2266908288877323,0.0,0.27170192895265455,2.2228777946886176,-0.3243824439619898,-3.217965709630142,0
0.16000000000000011,1.2914623427144736,0.0,0.28066560134897944,2.259062491717632,-0.33742013217237643,-3.3010437121952894,0
0.16400000000000012,1.3592081492984962,0.0,0.28977523409232075,2.2958510328099164,-0.3507920181698405,-3.3850398749270836,0
0.16800000000000012,1.4300307058386168,0.0,0.2990331581817989,2.3332009506810154,-0.3645014735591756,-3.469802631973811,0
0.17200000000000013,1.5040293776536102,0.0,0.3084415315990965,2.3710682543221178,-0.3785512516573606,-3.5551745468468434,0
0.17600000000000013,1.5812998071792623,0.0,0.3180023338448996,2.40940775110327,-0.39294346578617256,-3.6409932187113,0
0.18000000000000013,1.6619332923689119,0.0,0.32771736183825917,2.4481734054159996,-0.4076795714061565,-3.7270922945687905,0
0.18400000000000014,1.746016184746438,0.0,0.3375882273156381,2.4873187289563328,-0.42276035248667965,-3.81330257232596,0
0.18800000000000014,1.8336293174357932,0.0,0.3476163558445027,2.526797196625412,-0.43818591243993144,-3.8994531763765736,0
0.19200000000000014,1.9248474732540237,0.0,0.35780298754023176,2.5665626810493385,-0.4539556698672249,-3.985372784408652,0
0.19600000000000015,2.019738902396285,0.0,0.36814917954549387,2.6065698979471765,-0.4700683592759636,-4.070890881844979,0
0.20000000000000015,2.118364898368297,0.0,0.3786558102990303,2.6467748540528935,-0.4865220368279024,-4.1558390187739285,0
0.20400000000000015,2.2207794396568046,0.0,0.3893235855870172,2.687135289058214,-0.5033140910770717,-4.240052043531298,0
0.20800000000000016,2.3270289032102593,0.0,0.4001530463360856,2.727611103108942,-0.5204412585524878,-4.3233692873110865,0
0.21200000000000016,2.437151854182066,0.0,0.4111445780738503,2.7681647617603797,-0.5378996439402766,-4.405635675321916,0
0.21600000000000016,2.551178914630147,0.0,0.4222984219516568,2.8087616709637206,-0.5556847445256476,-4.486702742021578,0
0.22000000000000017,2.6691327120389374,0.0,0.4336146871963251,2.8493705155836326,-0.5737914784706373,-4.566429530760591,0
0.22400000000000017,2.791027906705775,0.0,0.4450933648338897,2.889963556092083,-0.5922142164315769,-4.644683361608859,0
0.22800000000000017,2.9168712952837414,0.0,0.45673434250949096,2.930516879387878,-0.6109468159630245,-4.721340455056321,0
0.23200000000000018,3.046661986162301,0.0,0.468537420214135,2.9710106010914394,-0.6299826581140193,-4.796286403476841,0
0.23600000000000018,3.1803916409510067,0.0,0.4805023267213149,3.0114290180934633,-0.6493146855986227,-4.869416486525101,0
0.24000000000000019,3.3180447751533815,0.0,0.492628736534396,3.0517607115298135,-0.6689354419158144,-4.940635830806213,0
0.2440000000000002,3.459599110207119,0.0,0.5049162871490056,3.091998601654789,-0.6888371108030422,-5.009859418042719,0
0.2480000000000002,3.6050259684378068,0.0,0.5173645964429152,3.1321399572417463,-0.7090115554317165,-5.077011949418027,0
0.25200000000000017,3.7542907021270886,0.0,0.5299732800184556,3.1721863631165377,-0.7294503567896586,-5.142027576688391,0
0.25600000000000017,3.907353147820421,0.0,0.5427419683385089,3.212143650200813,-0.7501448507427098,-5.204849512955773,0
0.2600000000000002,4.064168097171512,0.0,0.5556703235158564,3.252021792997346,-0.7710861633227868,-5.265429537648282,0
0.2640000000000002,4.224685776008975,0.0,0.5687580556360947,3.291834779788657,-0.792265243850105,-5.3237274112670105,0
0.2680000000000002,4.388852323879036,0.0,0.5820049385157815,3.3316004609542675,-0.8136728955605199,-5.379710215862729,0
0.2720000000000002,4.5566102670266835,0.0,0.59541082481904,3.3713403807602353,-0.8352998034726777,-5.43335163706292,0
0.2760000000000002,4.7278989785864765,0.0,0.6089756604768799,3.411079597762357,-0.8571365592918676,-5.484631202856739,0
0.2800000000000002,4.902655120624857,0.0,0.6226994983734295,3.4508464986204404,-0.8791736832064148,-5.533533493350959,0
0.2840000000000002,5.080813063573347,0.0,0.636582511281576,3.4906726096753826,-0.9014016424868272,-5.580047334426196,0
0.2880000000000002,5.262305279485704,0.0,0.6506250040469279,3.5305924101229897,-0.9238108668467091,-5.624164986740369,0
0.2920000000000002,5.447062706416715,0.0,0.664827425033208,3.570643150055943,-0.9463917605670678,-5.665881339929887,0
0.2960000000000002,5.6350150820358085,0.0,0.6791903768541374,3.6108646760621945,-0.9691347114217903,-5.705193120223504,0
0.3000000000000002,5.826091245340731,0.0,0.6937146264264213,3.6512992664847133,-0.9920300964716642,-5.742098118072796,0
0.3040000000000002,6.020219406015571,0.0,0.708401114385758,3.691991477879898,-1.0150682848176489,-5.776594440867977,0
0.3080000000000002,6.217327381578766,0.0,0.7232509639128208,3.7329880036720438,-1.0382396374214808,-5.808679794387471,0
0.3120000000000002,6.417342802989291,0.0,0.7382654890191596,3.7743375454968,-1.0615345041136974,-5.838350795351692,0
0.3160000000000002,6.620193289825415,0.0,0.7534462023439659,3.8160906972619295,-1.084943217916333,-5.8656023163331525,0
0.32000000000000023,6.8258065965247665,0.0,0.768794822511929,3.8582998415299943,-1.1084560868106177,-5.8904268633248416,0
0.32400000000000023,7.034110731483736,0.0,0.7843132811000251,3.9010190574435635,-1.1320633830795779,-5.912813985488206,0
0.32800000000000024,7.245034051066125,0.0,0.8000037292572686,3.944304039065773,-1.155755330352249,-5.932749715986972,0
0.33200000000000024,7.4585053307739795,0.0,0.8158685440163018,3.988212022692765,-1.179522088470875,-5.9502160423556445,0
0.33600000000000024,7.674453815996416,0.0,0.8319103343293315,4.032801721403845,-1.2033537362955817,-5.9651904045412385,0
0.34000000000000025,7.8928092548837,0.0,0.8481319468534441,4.078133264843718,-1.2272402525531874,-5.977645218581968,0
0.34400000000000025,8.113501916002043,0.0,0.8645364715017818,4.124268141972174,-1.2511714948285175,-5.9875474238348305,0
0.34800000000000025,8.336462593517332,0.0,0.8811272467674982,4.17126914426353,-1.2751371767883268,-5.994858051723447,0
0.35200000000000026,8.561622602740126,0.0,0.8979078648168359,4.219200306584547,-1.2991268437201011,-5.999531814136924,0
0.35600000000000026,8.788913768945907,0.0,0.9148821763360635,4.268126842719726,-1.3231298464610057,-6.001516709859868,0
0.36000000000000026,9.01826841246874,0.0,0.9320542951043516,4.318115072241468,-1.3471353137864053,-6.000753647744288,0
0.36400000000000027,9.249619333157254,0.0,0.9494286022508884,4.369232335135448,-1.3711321233230052,-5.9971760857386105,0
0.36800000000000027,9.482899797382114,0.0,0.9670097501395638,4.421546890285137,-1.3951088710490507,-5.990709685361158,0
0.3720000000000003,9.718043530895509,0.0,0.9848026658083286,4.475127793591722,-1.419053839443416,-5.98127198174013,0
0.3760000000000003,9.954984720966106,0.0,1.0028125538727464,4.530044751155792,-1.4429549643470734,-5.968772069935041,0
0.3800000000000003,10.19365803134621,0.0,1.021044898784207,4.586367942575983,-1.4667998006045684,-5.95311030890159,0
0.3840000000000003,10.43399863376903,0.0,1.0395054663127574,4.644167809029768,-1.4905754865599514,-5.93417804515915,0
0.3880000000000003,10.675942259818518,0.0,1.058200304102316,4.7035148003976746,-1.5142687074913266,-5.911857358962787,0
0.3920000000000003,10.919425277155998,0.0,1.0771357411222873,4.764479075281409,-1.5378656580809376,-5.886020836564205,0
0.3960000000000003,11.164384794218355,0.0,1.0963183858141843,4.8271301473587345,-1.5613520040336686,-5.856531372960919,0
0.4000000000000003,11.410758797611306,0.0,1.1157551227048188,4.891536471126497,-1.5847128429761055,-5.823242010370302,0
0.4040000000000003,11.658486326495032,0.0,1.1354531072291154,4.9577649597245745,-1.6079326647909407,-5.785995818512208,0
0.4080000000000003,11.90750768828252,0.0,1.155419758475742,5.0258804272279445,-1.630995311567528,-5.744625823623989,0
0.4120000000000003,12.157764719924895,0.0,1.1756627495378043,5.09594494756614,-1.6538839373787255,-5.698954993943979,0
0.4160000000000003,12.409201098921729,0.0,1.1961899951192052,5.168017122107422,-1.6765809681266486,-5.64879629015823,0
0.4200000000000003,12.661762707944089,0.0,1.2170096360154128,5.242151247961945,-1.6990680617353162,-5.593952789979325,0
0.4240000000000003,12.915398056568268,0.0,1.2381300200559,5.318396379250399,-1.7213260690060044,-5.534217896579228,0
0.4280000000000003,13.170058763061276,0.0,1.259559679065247,5.396795273992005,-1.7433349954908484,-5.4693756409885825,0
0.43200000000000033,13.425700098407283,0.0,1.281307301371771,5.4773832199303145,-1.765073964781127,-5.399201088756647,0
0.43600000000000033,13.682281593790076,0.0,1.3033816993675966,5.560186733580069,-1.7865211836477821,-5.323460861089309,0
0.44000000000000034,13.939767711524917,0.0,1.3257917716037584,5.645222128085348,-1.8076539095119302,-5.2419137802962545,0
0.44400000000000034,14.19812857794369,0.0,1.3485464588894942,5.732493947166899,-1.82844842076109,-5.154311648631769,0
0.44800000000000034,14.45734077496602,0.0,1.3716546938580736,5.821993264537194,-1.848879990461017,-5.060400168460629,0
0.45200000000000035,14.717388185032803,0.0,1.3951253434639517,5.91369585069785,-1.8689228640417221,-4.9599200100829774,0
0.45600000000000035,14.978262881746979,0.0,1.4189671438894784,6.007560212015223,-1.888550241557617,-4.852608031484736,0
0.46000000000000035,15.239966055986189,0.0,1.4431886273657248,6.103525510388803,-1.9077342651338527,-4.738198651735906,0
0.46400000000000036,15.502508964470271,0.0,1.4677980404527222,6.201509375656729,-1.9264460122119587,-4.616425376753988,0
0.46800000000000036,15.765913884854223,0.0,1.492803253381295,6.30140562707413,-1.9446554951960329,-4.487022472727841,0
0.47200000000000036,16.030215058471452,0.0,1.5182116601328737,6.403081924681122,-1.9623316680744907,-4.349726778734234,0
0.47600000000000037,16.295459598997915,0.0,1.5440300690262623,6.506377376054166,-1.9794424405505742,-4.204279646083992,0
0.48000000000000037,16.561708342698314,0.0,1.5702645836918006,6.611100128694188,-1.9959547001568014,-4.050428987848577,0
0.4840000000000004,16.82903661373061,0.0,1.596920474443868,6.717024983022019,-2.0118343427542675,-3.8879314180099223,0
0.4880000000000004,17.09753487642738,0.0,1.6240020402117192,6.8238910654965,-2.0270463117278728,-3.7165544559346353,0
0.4920000000000004,17.367309245761138,0.0,1.6515124613552947,6.931399605620354,-2.0415546460846143,-3.536078768591649,0
0.4960000000000004,17.638481827564053,0.0,1.679453643875613,7.039211864450053,-2.0553225375462247,-3.3463004202913735,0
0.5000000000000003,17.911190861736152,0.0,1.707826055726688,7.146947265606724,-2.068312396602571,-3.1470330978721264,0
0.5040000000000003,18.185590644853367,0.0,1.7366285561458579,7.2541817826656,-2.0804859273616825,-2.938110278286849,0
0.5080000000000003,18.461851213463152,0.0,1.7658582191398713,7.360446639199577,-2.091804210899635,-2.7193873054607685,0
0.5120000000000003,18.740157776077858,0.0,1.7955101524932573,7.465227379731633,-2.102227796682199,-2.4907433440104194,0
0.5160000000000003,19.020709890538793,0.0,1.8255773139019196,7.5679633715091255,-2.1117168015030123,-2.252083178736214,0
0.5200000000000004,19.303720394058374,0.0,1.8560503260775203,7.668047798458922,-2.120231015261872,-2.003338830411193,0
0.5240000000000004,19.58941410581148,0.0,1.886917292916289,7.764828209998783,-2.12773001279192,-1.7444709598731911,0
0.5280000000000004,19.87802633631649,0.0,1.9181636190790616,7.857607688577097,-2.1341732708345598,-1.4754700332992503,0
0.5320000000000004,20.169801253808185,0.0,1.9497718355868772,7.94564670077024,-2.139520289152408,-1.1963572212846492,0
0.5360000000000004,20.46499017504895,0.0,1.9817214342968308,8.028165697177904,-2.143730714657939,-0.9071850024818766,0
0.5400000000000004,20.763849866138017,0.0,2.0139887143829895,8.104348525676548,-2.146764467311512,-0.6080374386977778,0
0.5440000000000004,21.066640957334073,0.0,2.0465466442010376,8.173346720003138,-2.1485818663986884,-0.29903008229906985,0
0.5480000000000004,21.373626594058823,0.0,2.0793647421532366,8.234284720053722,-2.1491437556244644,0.019690531414948642,0
0.5520000000000004,21.685071463326985,0.0,2.1124089803770714,8.286266070369063,-2.148411625253139,0.34794786418388374,0
0.5560000000000004,22.001241349957734,0.0,2.145641715241819,8.32838062754781,-2.1463477292716937,0.6855368956064858,0
0.5600000000000004,22.32240338906903,0.0,2.179021648704298,8.359712784400523,-2.142915195256907,1.032226264231757,0
0.5640000000000004,22.648827189466637,0.0,2.2125038245673627,8.37935068707601,-2.1380781242897426,1.3877611188922578,0
0.5680000000000004,22.98078700555811,0.0,2.246039663490155,8.386396380672938,-2.131801677882825,1.7518667772720289,0
0.5720000000000004,23.318565132381952,0.0,2.279577040256518,8.379976768648175,-2.1240521484912347,2.1242532925484614,0
0.5760000000000004,23.662456688535542,0.0,2.3130604062304485,8.359255212802355,-2.1147970097744646,2.5046210272638896,0
0.5800000000000004,24.01277593492509,0.0,2.34643095910719,8.323443535840346,-2.1040049423937157,2.892667326118074,0
0.5840000000000004,24.36986425368323,0.0,2.379626860981677,8.271814120945978,-2.091645830786975,3.2880943659053594,0
0.5880000000000004,24.73409988246028,0.0,2.412583504400936,8.203711737151984,-2.0776907260873014,3.690618242110821,0
0.5920000000000004,25.105909466732697,0.0,2.4452338244624148,8.118564661156768,-2.062111770155395,4.099979329437168,0
0.5960000000000004,25.485781460006933,0.0,2.477508653208247,8.015894621735022,-2.0448820755948613,4.5159539304544944,0
0.6000000000000004,25.874281373135556,0.0,2.5093371106126448,7.895325067899433,-2.025975556604068,4.9383672062433455,0
0.6040000000000004,26.272068854684647,0.0,2.540647024454316,7.756587261380831,-2.0053667055726496,5.367107369633044,0
0.6080000000000004,26.67991658043225,0.0,2.5713653694123506,7.599523720862879,-1.9830303104160645,5.8021411201297415,0
0.6120000000000004,27.098730948125088,0.0,2.601418713934402,7.424088600248842,-1.958941107701436,6.243530314670869,0
0.6160000000000004,27.529574620198623,0.0,2.63073366190792,7.230344663541448,-1.9330733665768147,6.69144990449137,0
0.6200000000000004,27.973691038782235,0.0,2.659237275010427,7.018456619011301,-1.9054003982811847,7.146207229739713,0
0.6240000000000004,28.432531160280945,0.0,2.686857460886067,6.788680686652923,-1.8758939854758745,7.60826285360062,0
0.6280000000000004,28.90778282746485,0.0,2.713523312017058,6.541350384691791,-1.8445237246780837,8.078253239711449,0
0.6320000000000005,29.401403422201053,0.0,2.7391653803079397,6.276858621073455,-1.8112562735602948,8.557015733649054,0
0.6360000000000005,29.915656730226594,0.0,2.7637158729069764,5.995636252304696,-1.776054492658902,9.045616504660302,0
0.6400000000000005,30.453155312323645,0.0,2.7871087555351313,5.698127313669714,-1.7388764679494089,9.545382342028272,0
0.6440000000000005,31.01691013080342,0.0,2.8092797504207034,5.3847611227834795,-1.6996743966115495,10.057937487372012,0
0.6480000000000005,31.610389751169546,0.0,2.830166216659416,5.0559214067636145,-1.6583933129165718,10.585247027155962,0
0.6520000000000005,32.23759216235979,0.0,2.8497069012312393,4.711912499970883,-1.6149696242803129,11.129668776738384,0
0.6560000000000005,32.90313318650046,0.0,2.8678415488041766,4.352922507343209,-1.5693294188703406,11.69401606404972,0
0.6600000000000005,33.612356651803466,0.0,2.8845103576653006,3.9789831384087027,-1.5213864954573861,12.281634363470213,0
0.6640000000000005,34.371473074961145,0.0,2.8996532675295583,3.5899257125983426,-1.4710400532441534,12.896495309086967,0
0.6680000000000005,35.18773566191083,0.0,2.9132090626142766,3.185332665597814,-1.4181719641932917,13.543312142322314,0
0.6720000000000005,36.06966512480337,0.0,2.9251142705383906,2.764483846664522,-1.362643533497974,14.22768090342116,0
0.6760000000000005,37.02733824910775,0.0,2.935301835184127,2.326297186312503,-1.3042916372367386,14.956251165932173,0
0.6800000000000005,38.07275933750145,0.0,2.9436995416763576,1.869264337239903,-1.2429241148589305,15.73692776843639,0
0.6840000000000005,39.22033825880769,0.0,2.950228178487233,1.391384477255997,-1.1783142992772677,16.579098548171743,0
0.6880000000000005,40.48750253314885,0.0,2.9547994446036814,0.8901053088782079,-1.110194613786816,17.493867762335594,0
0.6920000000000005,41.89546998784181,0.0,2.9573136678703005,0.3622928698563662,-1.0382493057125188,18.494240773784295,0
0.6960000000000005,43.47019359640874,0.0,2.957657533445661,-0.1957218640821501,-0.9621067328104402,19.59513224357484,0
0.7000000000000005,45.243438494392194,0.0,2.955702308891076,-0.7879174287437887,-0.8813323999861962,20.81291636660501,0
0.7040000000000005,47.25381087389928,0.0,2.9513036533892834,-1.4179668256740876,-0.7954256230557601,22.16392496336641,0
0.7080000000000005,49.54721800929315,0.0,2.944305312221421,-2.087816276160397,-0.7038261582367236,23.660695298593225,0
0.7120000000000005,52.175488906883224,0.0,2.934551311306527,-2.794691996304171,-0.6059438505402,25.303728217292694,0
0.7160000000000005,55.19045802250826,0.0,2.9219151998758592,-3.525345277770219,-0.501235974315323,27.065206329188555,0
0.7200000000000005,58.6288824240058,0.0,2.90635981332165,-4.246469027820575,-0.38937192769550855,28.861307373498814,0
0.7240000000000005,62.4836262531555,0.0,2.8880411429073787,-4.893039380161619,-0.27052681827692693,30.51770234649194,0
0.7280000000000005,66.66621998120137,0.0,2.8674473447933053,-5.365269024784931,-0.14578217690613382,31.75875963549088,0
0.7320000000000005,70.99040402652784,0.0,2.845497891957322,-5.5550840850524335,-0.017421148382644525,32.28141710628688,0
0.7360000000000005,75.21609257904824,0.0,2.8234636675342752,-5.405597992953289,0.11128429560565589,31.925183119166984,0
0.7400000000000005,79.13843079298509,0.0,2.802660691066621,-4.952771534456292,0.23693552288999298,30.791939890504374,0
0.7440000000000005,82.64690828450236,0.0,2.7841103038364334,-4.298322366517724,0.3569656497745397,29.16787793196077,0
0.7480000000000006,85.7201183843435,0.0,2.768400374086754,-3.54796392539549,0.4700201660481813,27.34647175334762,0
0.7520000000000006,88.3891916327324,0.0,2.7557545330352564,-2.775474828230845,0.5757448021444205,25.52722833469282,0
0.7560000000000006,90.7055756324708,0.0,2.746171987363253,-2.020673571638655,0.6743796487937095,23.812110989086893,0
0.7600000000000006,92.72295571929305,0.0,2.739542421944342,-1.300519022758598,0.7664321108164387,22.238731103974544,0
0.7640000000000006,94.48969928657878,0.0,2.7357152737960444,-0.6196065514059491,0.8524841032635435,20.810841221279066,0
0.7680000000000006,96.04678009288081,0.0,2.734534675501724,0.023201723750779557,0.9330980497330952,19.517205522143385,0
0.7720000000000006,97.42801441457281,0.0,2.7358545110584735,0.6312403380658442,1.0087788907078643,18.34141710181038,0
0.7760000000000006,98.66106394788928,0.0,2.739543349808276,1.208332069305,1.079963774745984,17.266467427333286,0
0.7800000000000006,99.76855565296054,0.0,2.7454846733020446,1.7580337990655726,1.1470240340611664,16.27663642166612,0
0.7840000000000006,100.76908474914784,0.0,2.7535751325066187,2.2833485673795293,1.2102718552888732,15.358113796707109,0
0.7880000000000006,101.67804136806653,0.0,2.7637221435790087,2.78665446285534,1.2699681551028137,14.499059708561711,0
0.7920000000000006,102.50826703012314,0.0,2.7758414166762346,3.269728691704772,1.326330178955729,13.689442738207084,0
0.7960000000000006,103.27056732349672,0.0,2.789854669178716,3.7338094501217953,1.3795382826165703,12.920809780552979,0
0.8000000000000006,103.97410975484073,0.0,2.8056876154556836,4.179669565900408,1.4297417770127865,12.186054554753545,0
0.8040000000000006,104.62673234485563,0.0,2.8232682547673402,4.607690816693368,1.4770638911339464,11.47921040248924,0
0.8080000000000006,105.23518376784222,0.0,2.8425254501732686,5.0179347507346375,1.5216059682813707,10.795274472028295,0
0.8120000000000006,105.80531134316224,0.0,2.8633877815557396,5.410208868274971,1.5634510211156796,10.130062445446942,0
0.8160000000000006,106.34220945097212,0.0,2.8857826540556824,5.784128193662451,1.602666760505052,9.4800899637119,0
0.8200000000000006,106.8503379905563,0.0,2.9096356441320754,6.139172570876988,1.639308195774194,8.842476129382584,0
0.8240000000000006,107.33361820969724,0.0,2.9348700667088057,6.4747399383900035,1.6734198856338063,8.214864642424452,0
0.8280000000000006,107.79551146566396,0.0,2.961406747490342,6.790195626185352,1.70503790230069,7.595358660224783,0
0.8320000000000006,108.23908510741008,0.0,2.9891639842378375,7.08491749148041,1.7341915569380681,6.982466104079714,0
0.8360000000000006,108.66706859694266,0.0,3.018057679685084,7.358336531669235,1.7609049226807318,6.375052749994919,0
0.8400000000000006,109.08190214467304,0.0,3.0480016270973174,7.609972511754776,1.7851981819998857,5.772301000045757,0
0.8440000000000006,109.48577946965858,0.0,3.0789079275650018,7.839464127789234,1.8070888177498974,5.173672720015536,0
0.8480000000000006,109.88068577766678,0.0,3.11068751631628,8.046593293191894,1.826592661645023,4.578874949184263,0
0.8520000000000006,110.26834830899988,0.0,-3.139934533254216,8.231303267595013,1.843724809866929,3.987827642026816,0
0.8560000000000006,110.64884489680854,0.0,-3.106677109658178,8.393710528265297,1.858500412745678,3.400632892860259,0
0.8600000000000007,111.02369365553098,0.0,-3.0728142000712424,8.534110489244362,1.870935343744848,2.8175453269372692,0
0.8640000000000007,111.39432284459092,0.0,-3.0384329442358853,8.652977380168945,1.881046752088693,2.2389435194104133,0
0.8680000000000007,111.7620908522276,0.0,-3.0036182356220475,8.750958784996422,1.8888535030877165,1.6653024322861796,0
0.8720000000000007,112.12830289684631,0.0,-2.9684520468639537,8.828865495120974,1.8943765103644647,1.0971669454494775,0
0.8760000000000007,112.49422454902388,0.0,-2.9330128038937335,8.887657442174303,1.8976389645975864,0.5351266085648564,0
0.8800000000000007,112.86109224524716,0.0,-2.8973748228080156,8.928426539866813,1.8986664639640063,-0.020208235927520413,0
0.8840000000000007,113.23012104297632,0.0,-2.8616078201314092,8.952377283635819,1.8974870520736387,-0.5682288048890536,0
0.8880000000000007,113.6025099442079,0.0,-2.8257765037869085,8.960805937341181,1.8941311697844219,-1.1083485568635556,0
0.8920000000000007,113.97944518227048,0.0,-2.789940248814643,8.95507908703193,1.8886315278499977,-1.6400220793342637,0
0.8960000000000007,114.36210191745758,0.0,-2.754152858968876,8.936612269094072,1.8810229077772407,-2.162762076258372,0
0.9000000000000007,114.75164481760447,0.0,-2.7184624125902612,8.906849295687898,1.8713418986679269,-2.6761543808701656,0
0.9040000000000007,115.1492280084187,0.0,-2.6829111888854698,8.86724280697403,1.859626578038954,-3.1798709484077965,0
0.9080000000000007,115.55599486627824,0.0,-2.64753566880435,8.819236484593498,1.845916144733832,-3.6736808193852113,0
0.9120000000000007,115.97307809606748,0.0,-2.612366603158536,8.764249266382478,1.8302505119956853,-4.157459084352803,0
0.9160000000000007,116.40160049255492,0.0,-2.5774291394497446,8.70366181083639,1.8126698685592784,-4.631193926319749,0
0.9200000000000007,116.84267673081078,0.0,-2.542742998057429,8.63880537294932,1.7932142152176125,-5.094991866179756,0
0.9240000000000007,117.29741647457186,0.0,-2.508322687953072,8.570953172139747,1.7719228837149767,-5.54908138780883,0
0.9280000000000007,117.76692903656541,0.0,-2.474177751935228,8.501314259472222,1.7488340440090386,-5.993815170525789,0
0.9320000000000007,118.2523297764441,0.0,-2.440313031482967,8.431029826822,1.7239842049364524,-6.429671204533963,0
0.9360000000000007,118.75474838428883,0.0,-2.4067289416667768,8.361171846497756,1.697407712127399,-6.857253107088184,0
0.9400000000000007,119.27533917386351,0.0,-2.3734217470908305,8.292743887381723,1.6691362456723606,-7.277289991183671,0
0.9440000000000007,119.81529350230203,0.0,-2.3403838305206053,8.226683923626606,1.6391983185851284,-7.6906362629210525,0
0.9480000000000007,120.37585444315567,0.0,-2.3076039466247495,8.16386893443225,1.6076187755703586,-8.098271737400491,0
0.9520000000000007,120.95833386846695,0.0,-2.27506745408128,8.105121087639999,1.574418290035772,-8.501302465498668,0
0.9560000000000007,121.5641321428888,0.0,-2.2427565201217243,8.051215304120602,1.5396128557341795,-8.900962654570778,0
0.9600000000000007,122.19476069843662,0.0,-2.210650292377701,8.002888011462204,1.5032132679287775,-9.298618043499054,0
0.9640000000000007,122.8518678412651,0.0,-2.178725033630908,7.960846910385197,1.4652245876058565,-9.69577105300228,0
0.9680000000000007,123.53726824003323,0.0,-2.146954215746195,7.925781590221015,1.4256455810931659,-10.094067968304227,0
0.9720000000000008,124.25297665542858,0.0,-2.115308569710588,7.898374833146198,1.3844681266018588,-10.495308309206203,0
0.9760000000000008,125.00124658551671,0.0,-2.083756089367431,7.8793144297708055,1.3416765788928204,-10.901456377774098,0
0.9800000000000008,125.78461460892586,0.0,-2.052261987236365,7.869305274827808,1.297247083801743,-11.314654704548717,0
0.9840000000000008,126.60595128339843,0.0,-2.020788601940331,7.869081395880567,1.2511468362862175,-11.737238671146885,0
0.9880000000000008,127.46851945662311,0.0,-1.9892952585416648,7.879417350351671,1.2033332798863619,-12.171750856676681,0
0.9920000000000008,128.37604068931955,0.0,-1.9577380860448175,7.90113804325389,1.1537532535076993,-12.62095245264894,0
0.9960000000000008,129.33277003439827,0.0,-1.9260698013019502,7.935125368199164,1.1023421056800764,-13.087827117715154,0
1.0000000000000007,130.34357840963003,0.0,-1.894239476925363,7.982318996190149,1.0490228208809675,-13.575569423649585,0
1.0040000000000007,131.4140398100263,0.0,-1.8621923247485812,8.043706878102572,0.9937052435046159,-14.087544831975269,0
1.0080000000000007,132.5505168912557,0.0,-1.8298695493220718,8.120298205607101,0.9362855526918699,-14.627199805692323,0
1.0120000000000007,133.7602317937007,0.0,-1.7972083631636506,8.213067146586257,0.8766462510632786,-15.197887586990088,0
1.0160000000000007,135.0512975278994,0.0,-1.764142314780452,8.322848948472657,0.8146571053633509,-15.802555319455962,0
1.0200000000000007,136.43266595627563,0.0,-1.7306021723407152,8.450160373973567,0.7501777482015481,-16.443209729714354,0
1.0240000000000007,137.91391782088667,0.0,-1.6965177419975799,8.594904114283787,0.6830630521945871,-17.120042109669143,0
1.0280000000000007,139.50477568494696,0.0,-1.6618211863760424,8.7559048913804,0.6131729392960108,-17.830057903417043,0
1.0320000000000007,141.2141654951214,0.0,-1.6264526267065254,8.930223902602924,0.5403889334798011,-18.565052794070915,0
1.0360000000000007,143.04860917132333,0.0,-1.5903689729363348,9.112234001981996,0.464640242634645,-19.308882580782747,0
1.0400000000000007,145.0097639898221,0.0,-1.553556792335649,9.292559730863427,0.3859417623650967,-20.034334242047517,0
1.0440000000000007,147.09116245616497,0.0,-1.5160491314047215,9.457253580090523,0.304443744975452,-20.700697581117833,0
1.0480000000000007,149.27479565781272,0.0,-1.4779439441310247,9.587978057614475,0.22048617678434734,-21.254318260590985,0
1.0520000000000007,151.52906210851478,0.0,-1.4394180660383071,9.664210204933568,0.13463989641497465,-21.635147365336636,0
1.0560000000000007,153.81012504303976,0.0,-1.4007273283578847,9.667929232768369,0.047706565377325205,-21.790653157182792,0
1.0600000000000007,156.0677604700266,0.0,-1.36218477497507,9.58946824432565,-0.03934632534773508,-21.693175425540876,0
1.0640000000000007,158.25414604394905,0.0,-1.3241183204845122,9.43135003606276,-0.12551137451724825,-21.35127601681204,0
1.0680000000000007,160.3318051890651,0.0,-1.2868219882385503,9.20743685550142,-0.20988606367612528,-20.807160542511127,0
1.0720000000000007,162.27750021064597,0.0,-1.250519604239532,8.937946046733572,-0.2917803485593442,-20.12182747188988,0
1.0760000000000007,164.08165719314658,0.0,-1.215351453353371,8.64355110040922,-0.37075590509050826,-19.357523883581745,0
1.0800000000000007,165.74511951089093,0.0,-1.1813813274814073,8.341384894676025,-0.44660476684930384,-18.565876219997257,0
1.0840000000000007,167.2753150356722,0.0,-1.1486142926654033,8.043623814781766,-0.5192961654877126,-17.783700790915002,0
1.0880000000000007,168.6830681040306,0.0,-1.1170162086977502,7.757841393422393,-0.5889182368652026,-17.034072152714916,0
1.0920000000000007,169.98041015426662,0.0,-1.0865300884740634,7.4880848055713,-0.6556291789192312,-16.329534630545005,0
1.0960000000000008,171.1792709773692,0.0,-1.0570878984415373,7.236003433180399,-0.7196219974316778,-15.675463930819621,0
1.1000000000000008,172.29079486705186,0.0,-1.0286182472091916,7.001754822341438,-0.7811014960994509,-15.072764404142188,0
1.1040000000000008,173.32504768312455,0.0,-1.001050992728496,6.784642540238564,-0.8402704408600963,-14.51976832168942,0
1.1080000000000008,174.2909466643007,0.0,-0.9743197651364639,6.5835308207446195,-0.897321932279024,-14.013471431856289,0
1.1120000000000008,175.1963059854132,0.0,-0.9483631716179239,6.397099054473357,-0.9524357078260239,-13.550292523874175,0
1.1160000000000008,176.0479350583617,0.0,-0.9231252110546926,6.223990184575885,-1.0057768056205392,-13.126517713446177,0
1.1200000000000008,176.85175471537596,0.0,-0.8985552395261625,6.062892236604938,-1.057495576031935,-12.738545975466396,0
1.1240000000000008,177.61291320998305,0.0,-0.874607697925839,5.912579201488365,-1.1077284129868303,-12.383013767887327,0
1.1280000000000008,178.33589352421185,0.0,-0.8512417282502973,5.771927987968661,-1.1565988283016144,-12.056848366358507,0
1.1320000000000008,179.02460867772203,0.0,-0.8284207519116702,5.639921783771125,-1.2042186502893624,-11.757280601847697,0
1.1360000000000008,179.68248443738747,0.0,-0.8061120508673358,5.515646078441458,-1.2506892245531624,-11.481835570968927,0
1.1400000000000008,180.3125301300341,0.0,-0.7842863728515113,5.398281053733918,-1.2961025528357124,-11.22831233464983,0
1.1440000000000008,180.91739880750467,0.0,-0.7629175705461648,5.287092488380712,-1.340542339845096,-10.994758997021291,0
1.1480000000000008,181.499438164554,0.0,-0.741982277983503,5.1814223828127535,-1.384084937486063,-10.779446764013482,0
1.1520000000000008,182.0607335670455,0.0,-0.7214596238697304,5.080679948357344,-1.4268001867032432,-10.58084491539259,0
1.1560000000000008,182.60314441918882,0.0,-0.7013309796599341,4.984333275972532,-1.468752162742815,-10.397597644228872,0
1.1600000000000008,183.12833494116413,0.0,-0.6815797393682139,4.891901810048429,-1.5099998322189903,-10.228503152477842,0
1.1640000000000008,183.6378002709396,0.0,-0.6621911278277253,4.802949647203608,-1.5505976312297856,-10.072495074535764,0
1.1680000000000008,184.13288865946112,0.0,-0.6431520341594208,4.717079624293394,-1.5905959736784518,-9.92862613144065,0
1.1720000000000008,184.61482040155556,0.0,-0.6244508674116673,4.633928133436341,-1.6300416983807988,-9.79605383577946,0
1.1760000000000008,185.08470403657486,0.0,-0.6060774316047901,4.55316059236141,-1.6689784627409958,-9.67402803452625,0
1.1800000000000008,185.5435502617845,0.0,-0.588022817703731,4.474467498371707,-1.7074470899104353,-9.561880071902122,0
1.1840000000000008,185.99228392575378,0.0,-0.5702793103197834,4.397560999329529,-1.7454858754881595,-9.45901336378116,0
1.1880000000000008,186.4317544063222,0.0,-0.5528403071939714,4.322171922746916,-1.7831308590186072,-9.364895191441208,0
1.1920000000000008,186.86274462598567,0.0,-0.5357002497328764,4.248047212883555,-1.8204160648106615,-9.279049541111288,0
1.1960000000000008,187.2859789148779,0.0,-0.5188545630497643,4.17494773494857,-1.8573737159451456,-9.201050834291646,0
1.2000000000000008,187.70212989627748,0.0,-0.502299604109048,4.102646414717141,-1.8940344247525622,-9.130518410871844,0
1.2040000000000008,188.1118245403683,0.0,-0.48603261668058373,4.030926690989604,-1.9304273625215551,-9.067111641979691,0
1.2080000000000009,188.5156495076517,0.0,-0.4700516918824835,3.959581267362986,-1.9665804107321065,-9.010525561979051,0
1.2120000000000009,188.9141558829848,0.0,-0.45435573312720123,3.888411158854212,-2.0025202956859762,-8.960486919030446,0
1.2160000000000009,189.3078633838797,0.0,-0.4389444242850189,3.817225038149977,-2.038272708020443,-8.916750551180135,0
1.2200000000000009,189.697264111752,0.0,-0.4238181998410404,3.7458388958080198,-2.0738624082304535,-8.879096000153279,0
1.2240000000000009,190.08282590166226,0.0,-0.4089782157446624,3.67407603872826,-2.109313318979709,-8.847324278030577,0
1.2280000000000009,190.46499531422907,0.0,-0.3944263195323874,3.6017674617333606,-2.1446486046444986,-8.821254702952421,0
1.2320000000000009,190.84420030235063,0.0,-0.3801650181434759,3.528752638147761,-2.1798907381975323,-8.800721719134968,0
1.2360000000000009,191.22085257473606,0.0,-0.366197441641674,3.4548807867112092,-2.21506155519582,-8.785571614095506,0
1.2400000000000009,191.59534966764562,0.0,-0.35252730080375017,3.3800126836769593,-2.250182294281547,-8.775659042502992,0
1.2440000000000009,191.96807672533743,0.0,-0.33915883623794585,3.304023099904313,-2.2852736232347164,-8.77084326213837,0
1.2480000000000009,192.33940797824522,0.0,-0.3260967563567263,3.226803952125376,-2.320355649231046,-8.770983984027657,0
1.252000000000001,192.70970789567903,0.0,-0.3133461611577282,3.1482682637454236,-2.3554479115629086,-8.775936737303189,0
1.256000000000001,193.07933197679853,0.0,-0.30091244838170184,3.068355031172468,-2.3905693546864537,-8.785547651762926,0
1.260000000000001,193.4486271299211,0.0,-0.28880119824520634,2.987035083457868,-2.425738279085358,-8.799647570221628,0
1.264000000000001,193.81793157637688,0.0,-0.27701803263224356,2.9043180015146928,-2.460972267124966,-8.818045422317821,0
1.268000000000001,194.18757420205776,0.0,-0.26556844443772576,2.8202601226488326,-2.4962880808608747,-8.840520826257338,0
1.272000000000001,194.55787326910848,0.0,-0.25445759277569735,2.7349735896666347,-2.531701528735638,-8.866815940876668,0
1.276000000000001,194.9291343942762,0.0,-0.2436900601159273,2.648636303674488,-2.5672272983435898,-8.896626673971763,0
1.280000000000001,195.30164770265029,0.0,-0.23326956824404732,2.5615024982650896,-2.602878753090694,-8.92959347059802,0
1.284000000000001,195.67568408030013,0.0,-0.22319865143001394,2.473913464442998,-2.6386676917715093,-8.96529206201942,0
1.288000000000001,196.05149048194275,0.0,-0.21347828752925224,2.3863077196049103,-2.6746040719896085,-9.003224753212727,0
1.292000000000001,196.42928430586792,0.0,-0.20410749110791215,2.2992296384637148,-2.7106957011123516,-9.0428130578347,0
1.296000000000001,196.809246932765,0.0,-0.19508287719667194,2.2133352716351475,-2.7469479021787233,-9.083392735830842,0
1.300000000000001,197.1915166401099,0.0,-0.18639820992566491,2.1293938110707953,-2.7833631668668715,-9.12421251518522,0
1.304000000000001,197.576181246569,0.0,-0.17804395685075036,2.0482829862688696,-2.819940813092824,-9.16443793055641,0
1.308000000000001,197.96327100071068,0.0,-0.1700068767147016,1.9709766785790208,-2.8566766706107707,-9.203161713746743,0
1.312000000000001,198.35275238411023,0.0,-0.16226967478519683,1.8985233212713113,-2.893562823354938,-9.239421940166014,0
1.316000000000001,198.74452361878437,0.0,-0.15481076448576125,1.8320142963409982,-2.930587441115378,-9.272228597468384,0
1.320000000000001,199.13841271308456,0.0,-0.1476041752356423,1.7725425829180088,-2.967734734159142,-9.300598363648925,0
1.324000000000001,199.53417880905593,0.0,-0.1406196427061559,1.7211533040750244,-3.0049850612853506,-9.323596205019324,0
1.328000000000001,199.93151738064196,0.0,-0.13382290799868457,1.6787893837540853,-3.0423152136037985,-9.340381077443853,0
1.332000000000001,200.33006947546292,0.0,-0.12717623642150855,1.6462369652589923,-3.079698882927953,-9.350251790985833,0
1.336000000000001,200.72943472983061,0.0,-0.12063914582255109,1.6240761856765846,-3.1171073061164076,-9.352688296617709,0
1.340000000000001,201.12853809174655,0.0,-0.11416931152725418,1.6126430036279689,3.1286752498959522,-9.347383568187846,0
1.344000000000001,201.52571733962824,0.0,-0.10772359364058204,1.612006853816178,3.091309365400747,-9.33426204412698,0
1.348000000000001,201.9205532060914,0.0,-0.10125911686399292,1.6219670205308736,3.054011374509903,-9.313482201395805,0
1.352000000000001,202.31265557352987,0.0,-0.09473432627391531,1.6420681290343435,3.0168112222697756,-9.285422961601618,0
1.356000000000001,202.70167791007697,0.0,-0.08810994612566603,1.6716325829020524,2.9797369415721224,-9.250655816804597,0
1.360000000000001,203.0873282377135,0.0,-0.08134978185814035,1.709805684181794,2.9428139570679797,-9.209906332778619,0
1.364000000000001,203.4693761688322,0.0,-0.07442132527675227,1.755607966512978,2.906064556611028,-9.16400969591056,0
1.368000000000001,203.8476560245145,0.0,-0.06729614546730645,1.8079890913755747,2.869507544367357,-9.11386509926829,0
1.372000000000001,204.22206644216496,0.0,-0.05995006940807812,1.865878378017359,2.8331580716020364,-9.060393127318411,0
1.376000000000001,204.59256714322322,0.0,-0.0523631734793959,1.9282283478328943,2.7970276266659697,-9.00449916746665,0
1.380000000000001,204.95917365241104,0.0,-0.04451961850089958,1.9940491942898795,2.7611241562018503,-8.947044568197473,0
1.384000000000001,205.32195075730942,0.0,-0.036407366343794934,2.062433521199057,2.7254522852039464,-8.888826049596318,0
1.388000000000001,205.68100540658475,0.0,-0.02801781641680634,2.132571819938559,2.6900136035438837,-8.830562924658137,0
1.392000000000001,206.03647960615703,0.0,-0.019345396826549788,2.20375989868591,2.6548069896833484,-8.772891074506957,0
1.396000000000001,206.3885437188417,0.0,-0.010387139301007764,2.275399850214307,2.619828947219734,-8.716362319652522,0
1.400000000000001,206.73739042851875,0.0,-0.0011422603783017848,2.346996223520895,2.5850739355168724,-8.661447776740024,0
1.404000000000001,207.08322950843743,0.0,0.008388235105899255,2.4181489429208662,2.5505346811296548,-8.608543904016999,0
1.408000000000001,207.42628344014136,0.0,0.01820191793125936,2.488544284983248,2.5162024615288434,-8.557980143143574,0
1.412000000000001,207.76678386418922,0.0,0.02829526020070361,2.557944948438033,2.482067356532208,-8.510027301284664,0
1.416000000000001,208.1049688025747,0.0,0.03866392083099157,2.626179982007242,2.4481184658071538,-8.464906046559003,0
1.420000000000001,208.44108057042638,0.0,0.049302991383616046,2.6931350968920866,2.414344092905596,-8.422795090046092,0
1.424000000000001,208.77536428605805,0.0,0.0602072044960309,2.7587436960144163,2.380731897661663,-8.383838789695618,0
1.428000000000001,209.1080668892496,0.0,0.07137110818812431,2.822978802623245,2.3472690195819075,-8.34815403502208,0
1.432000000000001,209.4394365841911,0.0,0.08278920981959459,2.885845962366693,2.313942175233734,-8.315836360419494,0
1.436000000000001,209.76972263316844,0.0,0.09445609361151952,2.947377118633014,2.2807377327171494,-8.286965295319929,0
1.440000000000001,210.09917543797778,0.0,0.10636651554208143,3.007625413530643,2.2476417661892967,-8.261608997614864,0
1.444000000000001,210.4280468570447,0.0,0.11851547917533622,3.066660839489364,2.2146400931773567,-8.239828238571782,0
1.448000000000001,210.75659071660058,0.0,0.130898295651793,3.124566653352616,2.1817182971187172,-8.221679817770898,0
1.452000000000001,211.08506348367476,0.0,0.14351063070759018,3.1814364614074133,2.1488617372459995,-8.207219489184132,0
1.456000000000001,211.41372507697582,0.0,0.1563485412268104,3.2373718865894836,2.1160555476132847,-8.196504477291484,0
1.460000000000001,211.74283979897137,0.0,0.16940850348850134,3.2924807355836347,2.0832846267536054,-8.18959565714792,0
1.464000000000001,212.07267737873448,0.0,0.18268743495726625,3.3468755919508038,2.050533619174476,-8.186559466010346,0
1.468000000000001,212.4035141205499,0.0,0.19618271118903507,3.4006727705735353,2.0177868896411235,-8.187469607464214,0
1.472000000000001,212.7356341580223,0.0,0.20989217918317138,3.453991577868645,1.985028490966358,-8.19240860255888,0
1.476000000000001,213.0693308176679,0.0,0.2238141683075039,3.5069538309223165,1.9522421258198497,-8.201469236631702,0
1.480000000000001,213.40490809985553,0.0,0.23794749975179563,3.5596835967214404,1.9194111028852436,-8.214755945469358,0
1.484000000000001,213.74268228864722,0.0,0.2522914953245312,3.61230711988799,1.8865182875275224,-8.232386180308632,0
1.488000000000001,214.08298370571094,0.0,0.2668459862947561,3.664952913762043,1.853546046981803,-8.254491787939054,0
1.492000000000001,214.42615862717983,0.0,0.28161132289160484,3.7177519953688307,1.820476189934702,-8.281220439817455,0
1.496000000000001,214.77257138624336,0.0,0.29658838500663265,3.7708382498204434,1.7872899002370426,-8.31273714260004,0
1.500000000000001,215.12260668851485,0.0,0.31177859459523205,3.824348914131092,1.7539676643587336,-8.34922586179055,0
1.5040000000000011,215.47667217196246,0.0,0.3271839302413664,3.878425174355966,1.7204891920700112,-8.390891290237782,0
1.5080000000000011,215.83520124856784,0.0,0.3428069443326969,3.9332128734822525,1.6868333297050961,-8.437960793931728,0
1.5120000000000011,216.19865627104633,0.0,0.3586507832892636,3.9888633306807506,1.652977965232055,-8.490686568875248,0
1.5160000000000011,216.56753207510363,0.0,0.374719211297311,4.045534275426076,1.6188999242139985,-8.54934804466071,0
1.5200000000000011,216.94235995600923,0.0,0.3910166380191704,4.103390902650065,1.5845748555998211,-8.61425457263938,0
1.5240000000000011,217.32371214795586,0.0,0.40754815077975515,4.162607057515735,1.5499771061262084,-8.68574843906145,0
1.5280000000000011,217.7122068859805,0.0,0.4243195517689955,4.223366560557963,1.5150795819461207,-8.764208246023852,0
1.5320000000000011,218.10851414339692,0.0,0.4413374008462192,4.285864685746512,1.4798535959233545,-8.850052705087284,0
1.5360000000000011,218.5133621529866,0.0,0.45860906458558404,4.350309805321498,1.4442686988509017,-8.943744889392802,0
1.5400000000000011,218.92754483784026,0.0,0.4761427722583278,4.416925215747479,1.4082924926687062,-9.045796989067886,0
1.5440000000000011,219.35193029790165,0.0,0.4939476795040445,4.485951158371955,1.371890423584814,-9.156775610204681,0
1.5480000000000012,219.7874705209495,0.0,0.5120339404927883,4.557647045638552,1.3350255528607962,-9.277307647498901,0
1.5520000000000012,220.23521251170254,0.0,0.5304127894129778,4.632293897886445,1.2976583029367195,-9.408086741389285,0
1.5560000000000012,220.69631105918134,0.0,0.5490966321208042,4.710196985173973,1.2597461765885756,-9.54988029714114,0
1.5600000000000012,221.17204338879523,0.0,0.5680991487318696,4.791688650630759,1.2212434470028413,-9.70353698809101,0
1.5640000000000012,221.66382596878293,0.0,0.5874354077879875,4.87713126269689,1.1821008171276084,-9.869994576653518,0
1.5680000000000012,222.17323375520084,0.0,0.6071219923360793,4.966920197428598,1.1422650475834129,-10.050287747340692,0
1.5720000000000012,222.70202215632585,0.0,0.6271771377274487,5.061486680122876,1.101678554040877,-10.245555430022675,0
1.5760000000000012,223.2521519605991,0.0,0.6476208800570049,5.161300204864425,1.0602789776753392,-10.457046760380827,0
1.5800000000000012,223.82581737661118,0.0,0.6684752127227593,5.2668700820629635,1.0179987366584573,-10.686124320998138,0
1.5840000000000012,224.42547713794042,0.0,0.6897642463117517,5.378745409655813,0.9747645734882946,-10.934262547661742,0
1.5880000000000012,225.0538882642936,0.0,0.7115143634909362,5.497512383324083,0.9304971235384851,-11.203038052114577,0
1.5920000000000012,225.7141414404712,0.0,0.7337543551905732,5.623787299077651,0.8851105463358024,-11.49410693904226,0
1.5960000000000012,226.40969591812302,0.0,0.7565155162456989,5.758202784187066,0.8385122853345592,-11.809161762384155,0
1.6000000000000012,227.14441012624732,0.0,0.7798316666121501,5.901383630806733,0.7906030579008938,-12.149857309849578,0
1.6040000000000012,227.92256145863462,0.0,0.8037390467405459,6.05390701381818,0.7412772294797296,-12.517689666175103,0
1.6080000000000012,228.74884454595747,0.0,0.8282760108492635,6.216239816117816,0.6904237999201603,-12.913806882773816,0
1.6120000000000012,229.62833121357554,0.0,0.8534824080132637,6.388643400433147,0.6379283306571155,-13.338722488708488,0
1.6160000000000012,230.5663669038841,0.0,0.8793984978072142,6.571034024927934,0.5836762700003968,-13.79189670474204,0
1.6200000000000012,231.56836787802234,0.0,0.9060631982042651,6.762786666192747,0.5275582797720642,-14.271148930076746,0
1.6240000000000012,232.63947301234916,0.0,0.9335114208571564,6.962474370492868,0.4694782932974917,-14.771878038393975,0
1.6280000000000012,233.78399911036541,0.0,0.9617702419525322,7.167549835029008,0.40936505543096935,-15.286110431353269,0
1.6320000000000012,235.0046610179122,0.0,0.9908537410399632,7.374008217051331,0.3471876445348574,-15.801491996166288,0
1.6360000000000012,236.30156580979047,0.0,1.0207565997020644,7.576125836457721,0.2829747033967447,-16.300506021627914,0
1.6400000000000012,237.67109219368078,0.0,1.0514470724304577,7.766441010696282,0.21683555485049055,-16.760412626065726,0
1.6440000000000012,239.10491820760942,0.0,1.0828607226021774,7.936191631576551,0.14897905027083524,-17.154549943588712,0
1.6480000000000012,240.58960140355083,0.0,1.1148971167274695,8.076370158475747,0.07972360980313375,-17.45547743872366,0
1.6520000000000012,242.10711695441435,0.0,1.1474219130366645,8.179325120855964,0.009491181551937622,-17.63975229854922,0
1.6560000000000012,243.63650091940116,0.0,1.1802757826854062,8.24047374120223,-0.061219188531864255,-17.69304340849864,0
1.6600000000000013,245.15627894814824,0.0,1.213289264350406,8.259439273971976,-0.1318755233682154,-17.613537636536446,0
1.6640000000000013,246.64696790949537,0.0,1.2463000521360872,8.240078916692896,-0.20196441052971803,-17.412044289525088,0
1.6680000000000013,248.09291803503794,0.0,1.2791680817730473,8.189408021694133,-0.2710360235244327,-17.108810482683403,0
1.6720000000000013,249.48312322437485,0.0,1.3117849426676997,8.115953352768118,-0.3387323112187266,-16.72863052360972,0
1.6760000000000013,250.8110812999617,0.0,1.3440766962587638,8.028200952655363,-0.40479559052710457,-16.29622983161937,0
1.6800000000000013,252.07405591736415,0.0,1.3760014285099764,7.93355397476641,-0.4690614679461298,-15.833160679033986,0
1.6840000000000013,253.2721174824199,0.0,1.4075438164235194,7.837869858371794,-0.5314428551251984,-15.356418079869718,0
1.6880000000000013,254.4072256090053,0.0,1.438708775267564,7.74543075837211,-0.5919112170497147,-14.878343059114922,0
1.6920000000000013,255.48247945846614,0.0,1.4695155223092353,7.659150626768413,-0.650479023844726,-14.407229963143914,0
1.6960000000000013,256.5015649317888,0.0,1.499992674892038,7.580865139795687,-0.7071852466688018,-13.948181353318375,0
1.7000000000000013,257.46837727622494,0.0,1.5301745149155348,7.5116148994365695,-0.7620842964777754,-13.503944652973368,0
1.7040000000000013,258.38678038771326,0.0,1.5600983014572662,7.451882880928695,-0.815238061501435,-13.075614692773103,0
1.7080000000000013,259.26046424957053,0.0,1.5898024234161152,7.401777032448527,-0.866710432394675,-12.66317509580864,0
1.7120000000000013,260.0928688908327,0.0,1.619325179990863,7.361163018117939,-0.9165636916069433,-12.26589321235544,0
1.7160000000000013,260.88715140451706,0.0,1.6487040084392959,7.32975684010641,-0.9648562369510669,-11.88259738527671,0
1.7200000000000013,261.6461796524018,0.0,1.6779750188637976,7.3071872846495625,-1.0116412285195464,-11.511865957310038,0
1.7240000000000013,262.37254170157973,0.0,1.7071727327582824,7.29303659709016,-1.0569658574999838,-11.152152882945094,0
1.7280000000000013,263.06856390076587,0.0,1.7363299518322375,7.286865872167773,-1.1008710235453911,-10.80186913665696,0
1.7320000000000013,263.7363331395228,0.0,1.765477706000473,7.288229912318218,-1.1433912735642746,-10.459433985621356,0
1.7360000000000013,264.3777205774043,0.0,1.7946452455546336,7.296684926704447,-1.1845549025418567,-10.123306113926555,0
1.7400000000000013,264.99440525703875,0.0,1.823860053858116,7.311791415432477,-1.2243841505414155,-9.792001540117308,0
1.7440000000000013,265.587896728181,0.0,1.8531478647256723,7.33311384711655,-1.262895453176279,-9.464103082521836,0
1.7480000000000013,266.15955625062384,0.0,1.8825326739913244,7.36021822451579,-1.300099718605642,-9.138264591882143,0
1.7520000000000013,266.7106164085664,0.0,1.912036738399678,7.3926682820000496,-1.3360026147302273,-8.81321210923641,0
1.7560000000000013,267.24219912121185,0.0,1.9416805574275422,7.43002082297385,-1.3706048573477796,-8.48774337910042,0
1.7600000000000013,267.7553321155811,0.0,1.9714828353429468,7.471820550324487,-1.403902494691275,-8.16072665094267,0
1.7640000000000013,268.2509639647262,0.0,2.0014604220069607,7.5175946436129,-1.435887186783055,-7.831099362578271,0
1.7680000000000013,268.72997780508126,0.0,2.03162823180592,7.566847275619074,-1.4665464799183479,-7.497867066451956,0
1.7720000000000014,269.1932038418046,0.0,2.0619991407948746,7.619054225762327,-1.4958640776943,-7.160102798853525,0
1.7760000000000014,269.64143073792343,0.0,2.0925838627231457,7.673657730243674,-1.5238201105619664,-6.816946979175984,0
1.7800000000000014,270.07541596667795,0.0,2.1233908051565518,7.730061702362206,-1.5503914060568178,-6.467607845479845,0
1.7840000000000014,270.495895189917,0.0,2.154425907443798,7.787627456837568,-1.5755517617639416,-6.111362373367063,0
1.7880000000000014,270.90359071097726,0.0,2.185692462816677,7.845670075708471,-1.5992722227691454,-5.747557580717451,0
1.7920000000000014,271.2992190398133,0.0,2.217190927473009,7.903455557778198,-1.6215213648866094,-5.375612086970013,0
1.7960000000000014,271.68349760241756,0.0,2.2489187200656833,7.960198896447452,-1.642265584374461,-4.995017769836371,0
1.8000000000000014,272.0571506266143,0.0,2.28087001560095,8.015063230289515,-1.6614693941809309,-4.605341343243192,0
1.8040000000000014,272.4209142426208,0.0,2.3130355383176706,8.067160205369385,-1.6790957260308756,-4.206225667250173,0
1.8080000000000014,272.77554084948883,0.0,2.345402358654548,8.115551676862342,-1.6951062368889698,-3.797390593401003,0
1.8120000000000014,273.1218028174198,0.0,2.37795369988811,8.15925285905389,-1.7094616175445267,-3.3786331473087805,0
1.8160000000000014,273.4604956203181,0.0,2.410668760410898,8.197237006669855,-1.7221219002759884,-2.9498268541097437,0
1.8200000000000014,273.7924405216989,0.0,2.4435225578855633,8.22844167637581,-1.7330467617920728,-2.510920021470095,0
1.8240000000000014,274.118486968678,0.0,2.47648580162441,8.251776575210345,-1.7421958169314813,-2.061932808652015,0
1.8280000000000014,274.43951488136133,0.0,2.509524799474036,8.26613295303075,-1.7495288979517074,-1.6029529281016173,0
1.8320000000000014,274.75643705640823,0.0,2.5426014052020367,8.270394439469559,-1.755006313665012,-1.1341298473175039,0
1.8360000000000014,275.0702019316839,0.0,2.5756730118616726,8.26344916354083,-1.75858908219743,-0.6556673824777318,0
1.8400000000000014,275.38179698170893,0.0,2.608692595830938,8.244202927459009,-1.7602391307625709,-0.16781460044700564,0
1.8440000000000014,275.6922530294227,0.0,2.641608815170043,8.211593137516457,-1.7599194555604178,0.3291450286618711,0
1.8480000000000014,276.0026497676524,0.0,2.674366164626168,8.164603126598783,-1.757594234723756,0.8349062618747419,0
1.8520000000000014,276.314122783622,0.0,2.706905187990058,8.102276438486621,-1.7532288871652604,1.349156506560738,0
1.8560000000000014,276.6278723730511,0.0,2.739162746725185,8.023730586867334,-1.7467900701472772,1.871592029377616,0
1.8600000000000014,276.9451744195147,0.0,2.77107234169347,7.928169756633991,-1.7382456084835098,2.4019359291156244,0
1.8640000000000014,277.2673936039272,0.0,2.8025644826382408,7.8148958852483235,-1.7275643483631864,2.9399578481295507,0
1.8680000000000014,277.59599920403394,0.0,2.8335670977982925,7.68331755186012,-1.7147159288860578,3.4854954037354844,0
1.8720000000000014,277.9325837519494,0.0,2.864005973756184,7.5329561142729204,-1.6996704644310459,4.0384773434954715,0
1.8760000000000014,278.27888484780965,0.0,2.8938052134488057,7.363448570127185,-1.682398130888342,4.598948470678562,0
1.8800000000000014,278.63681048954027,0.0,2.9228876982853045,7.174546678098648,-1.6628686484745048,5.167096453287563,0
1.8840000000000015,279.00846838383694,0.0,2.9511755386134375,6.966111954236366,-1.6410506532134397,5.7432807269965975,0
1.8880000000000015,279.39619986426305,0.0,2.9785904954192244,6.738106251911006,-1.616910948073361,6.3280638343085025,0
1.8920000000000015,279.8026192730803,0.0,3.0050543551764957,6.49057773294344,-1.5904136230508712,6.92224571414453,0
1.8960000000000015,280.2306599806365,0.0,3.0304892391861884,6.2236421323829845,-1.5615190310194462,7.52690167226987,0
1.9000000000000015,280.6836286400796,0.0,3.0548178285221503,5.93745929965164,-1.5301826027269705,8.14342502652293,0
1.9040000000000015,281.1652698315455,0.0,3.077963485753081,5.632205055169337,-1.4963534797439735,8.773575732108325,0
1.9080000000000015,281.6798439721925,0.0,3.099850254830928,5.308038428696062,-1.459972938248426,9.419536645633395,0
1.9120000000000015,282.23222230004217,0.0,3.1204027208084337,4.965064345575407,-1.4209725691465653,10.083979463704924,0
1.9160000000000015,282.82800393565685,0.0,3.1395457112894274,4.603291815643287,-1.3792721711556117,10.770142727387402,0
1.9200000000000015,283.47287684832213,0.0,-3.125981485430053,4.222587697229894,-1.3347773033761072,11.481924516763934,0
1.9240000000000015,284.17434557062523,0.0,-3.1098845598198377,3.8226262411264043,-1.2873764334242637,12.22399235682375,0
1.9280000000000015,284.94130830551245,0.0,-3.0954269017161913,3.4028350373685563,-1.236937608496767,13.00191197782404,0
1.9320000000000015,285.784246100952,0.0,-3.0826894700453966,2.9623390250263357,-1.1833045744747155,13.82229403087605,0
1.9360000000000015,286.71559248186117,0.0,-3.071757420265433,2.4999065320465936,-1.1262922821568884,14.692951868311626,0
1.9400000000000015,287.7501983469885,0.0,-3.0627216229529033,2.013906155382697,-1.0656817700491352,15.623050499323995,0
1.9440000000000015,288.90590741917634,0.0,-3.0556803045638254,1.5022931355287246,-1.0012145403752104,16.623199773279058,0
1.9480000000000015,290.2042445789541,0.0,-3.0507406248182622,0.9626634749291133,-0.9325868299244453,17.70538992576014,0
1.9520000000000015,291.67118100137156,0.0,-3.048019783958141,0.3924523283271514,-0.8594447786146802,18.8825585354173,0
1.9560000000000015,293.3378439830425,0.0,-3.0476448165153105,-0.210574026382084,-0.7813827190236768,20.167367357092413,0
1.9600000000000015,295.24082060596976,0.0,-3.049749392310485,-0.8472519020075056,-0.697949195413301,21.56938143552307,0
1.9640000000000015,297.42124737542025,0.0,-3.0544644260420846,-1.5148870849714164,-0.608669732627054,23.089209118309828,0
1.9680000000000015,299.92103960777945,0.0,-3.0618968158532684,-2.20331334065672,-0.513102712293338,24.70738719307226,0
1.9720000000000015,302.7734601489015,0.0,-3.072087530471208,-2.8884400821771012,-0.41095416144878527,26.36580065263508,0
1.9760000000000015,305.98489170359863,0.0,-3.084939517548465,-3.523995188035451,-0.3022804253534339,27.943355584226126,0
1.9800000000000015,309.50884774548507,0.0,-3.100116759464603,-4.036865291170905,-0.18777773605810744,29.241182340871106,0
1.9840000000000015,313.2262619060504,0.0,-3.1169519291023278,-4.338506722883193,-0.06905395644402201,30.013509321297306,0
1.9880000000000015,316.9586994684018,0.0,-3.134450118599144,-4.3613744564060495,0.051368705207511134,30.070922618852215,0
1.9920000000000015,320.5222957922247,0.0,3.13172450824508,-4.100047476682043,0.17053085944539426,29.398161719317173,0
1.9960000000000016,323.78677784050586,0.0,3.1162343631682603,-3.6149705931647693,0.2858033042216821,28.164869954358778,0
2.0000000000000013,326.6955461143388,0.0,3.1029847142348643,-2.9944113832601325,0.39543184201349835,26.616549146115627,0
2.0040000000000013,329.24877444924516,0.0,3.0923561461010944,-2.3150897875700176,0.49859869097584664,24.962695684022215,0
2.0080000000000013,331.4770536488913,0.0,3.084474362969578,-1.6272008183892028,0.5951721896701487,23.335676664219232,0
2.0120000000000013,333.42173915238226,0.0,3.0793134828530278,-0.9576095094721306,0.6854096364768028,21.801431191659166,0
2.0160000000000013,335.124382748241,0.0,3.0767730480161735,-0.31808254094785515,0.7697401203883611,20.383834041217245,0
2.0200000000000014,336.6223214878519,0.0,3.076723902453187,0.28787968309327794,0.8486383220823415,19.084428029604364,0
2.0240000000000014,337.947469086878,0.0,3.0790319119241794,0.8607618357115595,0.92256171305739,17.89453635022918,0
2.0280000000000014,339.1265032712902,0.0,3.0835686996064027,1.4026833688808933,0.9919240998516479,16.80174741283313,0
2.0320000000000014,340.18154348632083,0.0,3.09021552617153,1.9162105264451679,1.057087811141466,15.793078367986164,0
2.0360000000000014,341.13091857069287,0.0,3.098863816798792,2.4038004954607755,1.1183646165556738,14.85637297257999,0
2.0400000000000014,341.98986952885764,0.0,3.1094141891602316,2.8675707946353786,1.1760202648380522,13.980818896469877,0
2.0440000000000014,342.7711416804619,0.0,3.1217749190208863,3.3092294192536746,1.2302801537818588,13.15705022601914,0
2.0480000000000014,343.4854648579811,0.0,3.135860298090721,3.7300810578577424,1.2813349961622382,12.377069544124383,0
2.0520000000000014,344.1414333849324,0.0,-3.1315962135834106,4.131066903423618,1.3293460155490298,11.634103416390127,0
2.0560000000000014,344.7464465697023,0.0,-3.114302109832032,4.5128172620468865,1.374449525390344,10.922444205520094,0
2.0600000000000014,345.3071037699281,0.0,-3.0955188139301715,4.875707086150815,1.4167608891022736,10.237301027235295,0
2.0640000000000014,345.8291052413963,0.0,-3.0753213623962665,5.219909955699957,1.4563779175160034,9.574668130060466,0
2.0680000000000014,346.31740262790754,0.0,-3.053784415270501,5.545448618779155,1.4933837778850112,8.931212229103629,0
2.0720000000000014,346.77631971667176,0.0,-3.030982765225991,5.852241380816517,1.527849488077437,8.304177408413345,0
2.0760000000000014,347.20965024516437,0.0,-3.0069916698402643,6.140144117434556,1.5598360615089826,7.691305149258225,0
2.0800000000000014,347.62073796855736,0.0,-2.9818870246821483,6.408987847895358,1.5893963580409665,7.090766855767651,0
2.0840000000000014,348.0125429589407,0.0,-2.9557453950422232,6.658611833095662,1.6165766858707675,6.50110644662663,0
2.0880000000000014,348.3876971425981,0.0,-2.9286439243012303,6.888892149304506,1.6414181903772231,5.921190924008392,0
2.0920000000000014,348.74855133267675,0.0,-2.900660137145911,7.099765682065694,1.6639580582780793,5.350167205657624,0
2.0960000000000014,349.0972154363991,0.0,-2.871871656037433,7.291249502833601,1.684230559322783,4.787423861777142,0
2.1000000000000014,349.43559307368787,0.0,-2.8423558494023364,7.4634556380433805,1.7022679429568015,4.232556713960986,0
2.1040000000000014,349.76541151103675,0.0,-2.8121894298402506,7.616601312285308,1.7181012037757863,3.6853375220183984,0
2.1080000000000014,350.08824756984404,0.0,-2.781448020142955,7.751014835664258,1.7317607269494877,3.145685205957454,0
2.1120000000000014,350.40554999537153,0.0,-2.7502057040498507,7.867137400248722,1.7432768229527174,2.6136392274857774,0
2.1160000000000014,350.7186586567527,0.0,-2.718534577419849,7.965521141893951,1.7526801597246084,2.0893348923553554,0
2.1200000000000014,351.02882087756404,0.0,-2.686504313910387,8.046823903230813,1.76000209963704,1.572980436572681,0
2.1240000000000014,351.3372051592382,0.0,-2.6541817573815027,8.111801195010266,1.765274948257404,1.0648358310066939,0
2.1280000000000014,351.64491254607174,0.0,-2.621630551167364,8.161295892576504,1.7685321217293932,0.565193285346459,0
2.1320000000000014,351.95298588203025,0.0,-2.5889108121698055,8.196226220786276,1.76980823957767,0.07435945856496207,0
2.1360000000000015,352.26241721858395,0.0,-2.5560788555177663,8.217572575140144,1.7691391497968745,-0.40736060654451944,0
2.1400000000000015,352.57415364347287,0.0,-2.523186973400513,8.226363701595133,1.7665618931528542,-0.8796778081926695,0
2.1440000000000015,352.8891018082058,0.0,-2.4902832696379704,8.223662716833598,1.7621146136832913,-1.3423315641837685,0
2.1480000000000015,353.2081314342201,0.0,-2.4574115497811917,8.210553396896172,1.7558364223598648,-1.7951006526665676,0
2.1520000000000015,353.5320780725014,0.0,-2.4246112648905083,8.188127101826698,1.7477672208197532,-2.2378123448249165,0
2.1560000000000015,353.8617453786443,0.0,-2.391917505830282,8.157470638294702,1.737947491901557,-2.670349880030353,0
2.1600000000000015,354.19790714546974,0.0,-2.3593610438330774,8.119655296111121,1.7264180634767667,-3.0926583570849444,0
2.1640000000000015,354.5413093097242,0.0,-2.326968412274006,8.075727229971983,1.7132198517274206,-3.504749137761922,0
2.1680000000000015,354.8926721198483,0.0,-2.294762024033874,8.02669929691342,1.698393589592131,-3.906702880414696,0
2.1720000000000015,355.2526926203182,0.0,-2.262760318500991,7.9735444043651755,1.6819795455915605,-4.298671341044473,0
2.1760000000000015,355.6220475766246,0.0,-2.230977932142668,7.9171903744519065,1.664017237660084,-4.680878096078237,0
2.1800000000000015,356.00139693538466,0.0,-2.1994258866416327,7.858516288033228,1.6445451459653508,-5.053618354484884,0
2.1840000000000015,356.3913878879131,0.0,-2.1681117888104797,7.798350237280576,1.6236004280069265,-5.417258036148216,0
2.1880000000000015,356.79265958396877,0.0,-2.1370400368389237,7.737468388442955,1.6012186385664045,-5.772232298186207,0
2.1920000000000015,357.20584852610517,0.0,-2.10621202786397,7.6765952366514005,1.5774334563530266,-6.119043690902519,0
2.1960000000000015,357.63159466445114,0.0,-2.0756263623537805,7.616404921682264,1.5522764184702131,-6.458260120189301,0
2.2000000000000015,358.070548206839,0.0,-2.04527904133578,7.557523466819642,1.525776663138931,-6.790512783489537,0
2.2040000000000015,358.5233771596587,0.0,-2.015163653055726,7.500531801372464,1.4979606804728656,-7.116494231901619,0
2.2080000000000015,358.9907756200572,0.0,-1.9852715462084785,7.44596942984264,1.4688520705272037,-7.436956691563631,0
2.2120000000000015,359.47347284927054,0.0,-1.9555919874196466,7.3943386158334015,1.4384713073579958,-7.752710752658178,0
2.2160000000000015,359.97224316886116,0.0,-1.9261123011727292,7.3461089549441025,1.4068355074556251,-8.064624503222918,0
2.2200000000000015,360.4879167349998,0.0,-1.8968179908679836,7.301722216276851,1.3739582006828401,-8.373623145526272,0
2.2240000000000015,361.02139125878324,0.0,-1.8676928401745432,7.2615973345923965,1.3398491017940728,-8.680689081822685,0
2.2280000000000015,361.573644750295,0.0,-1.8387189943132523,7.2261354319006275,1.3045138807941319,-8.986862388650222,0
2.2320000000000015,362.1457493669437,0.0,-1.8098770214135946,7.195724734888654,1.267953930892423,-9.293241506512713,0
2.2360000000000015,362.7388864369873,0.0,-1.7811459546692117,7.170745228447836,1.230166133744583,-9.600983842875234,0
2.2400000000000015,363.3543626986952,0.0,-1.7525033167400075,7.151572839294775,1.1911426232261055,-9.911305803332976,0
2.2440000000000015,363.99362773155025,0.0,-1.7239251288119561,7.138582868379949,1.1508705514167428,-10.225481503047465,0
2.2480000000000016,364.6582924388212,0.0,-1.695385908068273,7.132152273887911,1.1093318641780296,-10.544839031377185,0
2.2520000000000016,365.3501482412146,0.0,-1.6668586592472714,7.1326602305418945,1.066503099242924,-10.870752595077505,0
2.2560000000000016,366.07118631467404,0.0,-1.638314868745871,7.1404861312953045,1.0223552279164752,-11.204628077381438,0
2.2600000000000016,366.8236156855694,0.0,-1.609724513769935,7.156003821677898,0.9768535734566894,-11.547878424791271,0
2.2640000000000016,367.60987818699215,0.0,-1.5810561048782006,7.179570323552538,0.9299578565532727,-11.901883687178007,0
2.2680000000000016,368.4326570440618,0.0,-1.5522767886408708,7.2115065661641315,0.8816224431723354,-12.267928348043434,0
2.2720000000000016,369.29487401002524,0.0,-1.5233525489489477,7.252066655206422,0.8317969050677831,-12.647105662547583,0
2.2760000000000016,370.19966729133364,0.0,-1.4942485617969066,7.301390966002065,0.7804270515107401,-13.040175042594985,0
2.2800000000000016,371.1503387457634,0.0,-1.4649297800190801,7.35943693477776,0.7274566549112667,-13.447354355608555,0
2.2840000000000016,372.15025388838535,0.0,-1.4353618516252098,7.4258801639746705,0.67283017340249,-13.868025286911877,0
2.2880000000000016,373.202672350658,0.0,-1.4055125060622125,7.499978146572138,0.6164968642336239,-14.300329002536998,0
2.2920000000000016,374.3104807896445,0.0,-1.3753535702190884,7.580391188396128,0.5584167631089487,-14.740636093909387,0
2.2960000000000016,375.4757978779705,0.0,-1.3448637846071385,7.664962879111393,0.4985690299370287,-15.182897828365428,0
2.3000000000000016,376.6994280321416,0.0,-1.3140325497145202,7.750480007540003,0.43696304133748054,-15.617937762531172,0
2.3040000000000016,377.9801667882336,0.0,-1.2828645948664548,7.832463428854468,0.3736522017131403,-16.03283655882656,0
2.3080000000000016,379.31401745453593,0.0,-1.2513852687212026,7.905086644223601,0.3087495746660691,-16.41069713120903,0
2.3120000000000016,380.69346922550704,0.0,-1.21964566996542,7.961362991685863,0.2424430105191231,-16.731208201555074,0
2.3160000000000016,382.1070886032381,0.0,-1.1877262430742324,7.993746008546389,0.17500568441885633,-16.972434962772365,0
2.3200000000000016,383.5397236295097,0.0,-1.1557370326247334,7.995193480821622,0.10679668195266867,-17.113985630246113,0
2.3240000000000016,384.97352439228956,0.0,-1.1238129870522648,7.960527968278056,0.03824686241855879,-17.14105500571283,0
2.3280000000000016,386.3897085728304,0.0,-1.0921039017033767,7.887669670914837,-0.030171198302276103,-17.048082328062875,0
2.3320000000000016,387.7706586532583,0.0,-1.060760565169197,7.77822438048049,-0.09798450879138976,-16.840484899589132,0
2.3360000000000016,389.1017538722792,0.0,-1.0299203974742142,7.637135701544569,-0.1647624049912082,-16.53360457843901,0
2.3400000000000016,390.3724615874746,0.0,-0.9996961728965115,7.471551881973333,-0.230150040493049,-16.149318245505103,0
2.3440000000000016,391.57655133879564,0.0,-0.9701700577746788,7.28939440947427,-0.2938859988126268,-15.7117652748529,0
2.3480000000000016,392.71161641650184,0.0,-0.9413931033660479,7.0981303200711015,-0.3558036324802485,-15.24368715848922,0
2.3520000000000016,393.778230309166,0.0,-0.9133887478565672,6.904015722611269,-0.4158204547657771,-14.764174694599998,0
2.3560000000000016,394.7790327828769,0.0,-0.8861583601120433,6.71181572818337,-0.47392145659986085,-14.287836430769245,0
2.3600000000000017,395.71792735762966,0.0,-0.8596871757250142,6.524860033406971,-0.5301412677384993,-13.824967755071325,0
2.3640000000000017,396.5994624951442,0.0,-0.8339496168938556,6.3452706493282225,-0.5845481677609241,-13.382232857093001,0
2.3680000000000017,397.42839800056004,0.0,-0.808913569515175,6.174239880123962,-0.6372312174019994,-12.963496190042928,0
2.3720000000000017,398.2094253633614,0.0,-0.7845435700630095,6.01228991984262,-0.688290650633407,-12.570598951005264,0
2.3760000000000017,398.9470026481443,0.0,-0.7608030427570895,5.859485837428876,-0.7378311081060147,-12.203996513549708,0
2.3800000000000017,399.6452684244063,0.0,-0.7376557883123631,5.715597212147992,-0.7859571115956134,-11.863242724090618,0
2.3840000000000017,400.30800706711915,0.0,-0.7150669196335855,5.580214471141064,-0.8327701968203671,-11.547339097558556,0
2.3880000000000017,400.938645613988,0.0,-0.6930034071625837,5.452829342832061,-0.8783672192845193,-11.254976951593648,0
2.3920000000000017,401.5402687713368,0.0,-0.6714343586245235,5.332888626688427,-0.9228394608641652,-10.984699880472965,0
2.3960000000000017,402.115643380682,0.0,-0.6503311240133236,5.219828926530785,-0.9662722658338225,-10.735009345663078,0
2.4000000000000017,402.66724693034155,0.0,-0.6296672896791549,5.113098199688071,-1.0087450153914235,-10.504430818157905,0
2.4040000000000017,403.19729687331886,0.0,-0.6094186052501875,5.012168386429879,-1.0503313097244042,-10.29155318277034,0
2.4080000000000017,403.70777891625465,0.0,-0.5895628726855762,4.9165421298798835,-1.091099269696386,-10.09505038233522,0
2.4120000000000017,404.2004733248585,0.0,-0.570079816678529,4.825755664769596,-1.1311119003047745,-9.913691506523064,0
2.4160000000000017,404.6769788285606,0.0,-0.550950948726534,4.739379286240151,-1.1704274786764133,-9.746343543911417,0
2.4200000000000017,405.138734024106,0.0,-0.5321594325305874,4.657016343571236,-1.2090999432957599,-9.591969627117251,0
2.4240000000000017,405.5870363560727,0.0,-0.5136899552877878,4.578301383065358,-1.2471792704470994,-9.449624645175337,0
2.4280000000000017,406.0230588449018,0.0,-0.49552860740879545,4.502897846459231,-1.284711829964854,-9.31844944745732,0
2.4320000000000017,406.4478647739186,0.0,-0.4776627718789026,4.430495584628457,-1.3217407163492707,-9.1976644254877,0
2.4360000000000017,406.86242055742656,0.0,-0.4600810236513624,4.360808348545065,-1.3583060538251068,-9.086562966274645,0
2.4400000000000017,407.2676070055941,0.0,-0.44277303895204767,4.29357135478467,-1.3944452754804244,-8.98450507668145,0
2.4440000000000017,407.66422918669724,0.0,-0.42572951407603554,4.228538980589518,-1.4301933775476732,-8.890911350873225,0
2.4480000000000017,408.0530250682424,0.0,-0.408942093095213,4.165482616229686,-1.4655831503997847,-8.805257370113214,0
2.4520000000000017,408.4346730984249,0.0,-0.3924033038222241,4.104188685188479,-1.5006453880773005,-8.727068571312774,0
2.4560000000000017,408.8097988698931,0.0,-0.3761065013567908,4.044456832171205,-1.5354090782368193,-8.655915587726414,0
2.4600000000000017,409.1789809896985,0.0,-0.3600458185538429,3.9860982728429617,-1.5699015743812748,-8.591410045265778,0
2.4640000000000017,409.54275626299477,0.0,-0.34421612278436875,3.9289342960328586,-1.6041487521414615,-8.53320078653623,0
2.4680000000000017,409.90162428358155,0.0,-0.32861297839997405,3.872794907897503,-1.638175151253428,-8.480970488824095,0
2.4720000000000018,410.2560515117292,0.0,-0.3132326143544475,3.8175176075571247,-1.6720041047355458,-8.43443263983735,0
2.4760000000000018,410.606474908716,0.0,-0.2980718964760918,3.762946284577863,-1.7056578566230582,-8.393328834660686,0
2.4800000000000018,410.95330518799824,0.0,-0.2831283039203676,3.708930230106732,-1.739157669473153,-8.357426358215383,0
2.4840000000000018,411.2969297347258,0.0,-0.2683999093616247,3.6553232553141104,-1.7725239227134324,-8.326516018906258,0
2.4880000000000018,411.63771523823306,0.0,-0.25388536250377136,3.601982912980794,-1.8057762027724653,-8.300410200683945,0
2.4920000000000018,411.9760100760085,0.0,-0.23958387650154656,3.548769820555396,-1.8389333858029726,-8.278941102174482,0
2.4960000000000018,412.3121464823108,0.0,-0.22549521688524266,3.495547085815552,-1.8720137136851207,-8.261959132636791,0
2.5000000000000018,412.64644252991496,0.0,-0.21161969257097013,3.4421798394355307,-1.9050348638779422,-8.249331435161967,0
2.504000000000002,412.9792039492925,0.0,-0.19795814851432603,3.388534882359851,-1.9380140135689228,-8.240940507615887,0
2.508000000000002,413.3107258057289,0.0,-0.18451195952568433,3.334480459992863,-1.9709678984529013,-8.23668289125445,0
2.512000000000002,413.6412940513266,0.0,-0.17128302470806744,3.279886179938531,-2.0039128663487578,-8.23646789562118,0
2.516000000000002,413.9711869654049,0.0,-0.15827376190098263,3.2246230954734916,-2.036864925732818,-8.240216326185159,0
2.520000000000002,414.30067649335314,0.0,-0.14548710141258425,3.1685639832238506,-2.0698397891278795,-8.247859178110142,0
2.524000000000002,414.6300294903768,0.0,-0.1329264781945394,3.111583850748686,-2.1028529111325795,-8.259336255487268,0
2.528000000000002,414.95950887264297,0.0,-0.12059582145495362,3.053560717993455,-2.1359195207033075,-8.274594670254235,0
2.532000000000002,415.2893746739076,0.0,-0.10849954051060884,2.99437672589764,-2.169054647105689,-8.293587168839354,0
2.536000000000002,415.61988500060716,0.0,-0.09664250544625119,2.9339196357684485,-2.202273138730776,-8.316270227349515,0
2.540000000000002,415.9512968724195,0.0,-0.08503002087218725,2.872084794167919,-2.2355896737183514,-8.342601848015722,0
2.544000000000002,416.2838669282335,0.0,-0.07366779074944496,2.808777649582807,-2.269018761043407,-8.3725389809394,0
2.548000000000002,416.6178519691142,0.0,-0.06256187188404105,2.7439169182997007,-2.3025747304005684,-8.406034486530778,0
2.552000000000002,416.9535093000482,0.0,-0.051718613282362824,2.6774385064553536,-2.3362717088669402,-8.443033546364747,0
2.556000000000002,417.2910968209173,0.0,-0.041144578118091246,2.6093003012664653,-2.3701235819432434,-8.48346942501076,0
2.560000000000002,417.63087280434553,0.0,-0.030846444606998702,2.5394879441545655,-2.404143936180466,-8.52725848497232,0
2.564000000000002,417.97309528412336,0.0,-0.02083088165201019,2.4680216879003947,-2.4383459802195535,-8.574294364414229,0
2.568000000000002,418.3180209635489,0.0,-0.011104394758602254,2.3949644137072226,-2.472742440745197,-8.624441247270374,0
2.572000000000002,418.66590353955104,0.0,-0.0016731375059855225,2.3204308351623677,-2.507345429642129,-8.677526193381635,0
2.576000000000002,419.01699132798933,0.0,0.007457316100278888,2.244597836060392,-2.5421662786298587,-8.733330559652833,0
2.580000000000002,419.3715240712365,0.0,0.01628224263021849,2.167715768312404,-2.577215337956744,-8.791580640020086,0
2.584000000000002,419.72972881546826,0.0,0.024798086803084374,2.0901203652402467,-2.612501736507433,-8.851937790585037,0
2.588000000000002,420.0918147677679,0.0,0.0330028270344247,2.0122446973545958,-2.6480331021000847,-8.913988493175594,0
2.592000000000002,420.45796708902355,0.0,0.040896387512411536,1.9346303113109697,-2.6838152430206463,-8.977235047568449,0
2.596000000000002,420.82833965480154,0.0,0.048481091266564746,1.857936358835949,-2.71985179514963,-9.04108786193453,0
2.600000000000002,421.2030469288162,0.0,0.05576214321358819,1.7829451702944281,-2.756143843511767,-9.104860609621856,0
2.604000000000002,421.58215524443034,0.0,0.0627481253284472,1.7105624122086205,-2.792689532715972,-9.167769793363265,0
2.608000000000002,421.9656739737326,0.0,0.06945147820133002,1.6418097747248495,-2.829483687317291,-9.228940434554966,0
2.612000000000002,422.3535472650124,0.0,0.07588893500947869,1.5778081768923364,-2.8665174700542995,-9.287419589978395,0
2.616000000000002,422.74564721769707,0.0,0.08208186654958105,1.5197498804775866,-2.903778112212505,-9.342199083415238,0
2.620000000000002,423.14176949469476,0.0,0.08805649111101665,1.4688587727701525,-2.9412487546407196,-9.392248131984745,0
2.624000000000002,423.54163239234543,0.0,0.09384390259591413,1.426339451777689,-2.9789084385331375,-9.436555410622441,0
2.628000000000002,423.9448802477001,0.0,0.09947987629282906,1.3933175339444084,-3.0167322803659324,-9.474178602447838,0
2.632000000000002,424.351091732763,0.0,0.10500442529036036,1.3707755501837677,-3.054691854278529,-9.504297838494885,0
2.636000000000002,424.75979307723367,0.0,0.1104611015298893,1.3594904883194658,-3.0927557877773495,-9.5262679844763,0
2.640000000000002,425.1704756391903,0.0,0.11589606195529001,1.3599799897358231,-3.130890554536119,-9.53966390157506,0
2.644000000000002,425.58123588805324,0.0,0.12135694826426047,1.372463998400472,3.11412388268465,-9.544312951869951,0
2.648000000000002,425.9910210210502,0.0,0.12689165331319785,1.3968471200150725,3.0759517964652137,-9.540310289853542,0
2.652000000000002,426.3993475679277,0.0,0.13254706320697807,1.4327242695479643,3.037812468352138,-9.528014723434541,0
2.656000000000002,426.8057826739438,0.0,0.13836786794999334,1.479408911654954,2.999737945675891,-9.508025681839792,0
2.660000000000002,427.209959443756,0.0,0.1443955243249313,1.5359800724265424,2.9617574592704656,-9.481144464418495,0
2.664000000000002,427.61158749098195,0.0,0.15066743443941988,1.6013420174982373,2.9238967121670925,-9.448324872180226,0
2.668000000000002,428.01045843285925,0.0,0.1572163764745067,1.6742894753681823,2.886177377084998,-9.410619181593237,0
2.672000000000002,428.40644665869485,0.0,0.16407019587478544,1.753571583703702,2.8486168096863604,-9.36912516738471,0
2.676000000000002,428.7995061366757,0.0,0.17125174031695245,1.8379490644937324,2.8112279637474806,-9.324938761665905,0
2.680000000000002,429.1896642653345,0.0,0.17877900348794284,1.9262410201952294,2.7740194791367507,-9.279115350834664,0
2.684000000000002,429.5770138326204,0.0,0.1866654322430037,2.017359705862587,2.7369959048133836,-9.232641067001353,0
2.688000000000002,429.9617040594601,0.0,0.19492034862412488,2.1103333080820894,2.700158016547606,-9.186414032803118,0
2.692000000000002,430.34393153130986,0.0,0.20354944090933635,2.204317957949511,2.6635031913573926,-9.141234526990285,0
2.696000000000002,430.7239316126155,0.0,0.21255528430073412,2.298600887501195,2.627025806042605,-9.097802479274012,0
2.700000000000002,431.10197073482004,0.0,0.221937860105756,2.3925968793339276,2.5907176340499145,-9.056720513022809,0
2.704000000000002,431.4783397728265,0.0,0.23169505079152763,2.485840080133398,2.554568221948136,-9.018500828876956,0
2.708000000000002,431.8533485883516,0.0,0.24182309607804342,2.5779729781581646,2.5185652331948223,-8.983574453496006,0
2.712000000000002,432.227321722403,0.0,0.25231700173827676,2.668733988888181,2.4826947521909357,-8.952301676523613,0
2.716000000000002,432.60059515842727,0.0,0.2631708978129783,2.7579447274415076,2.4469415457137025,-8.924982803167781,0
2.720000000000002,432.9735140452546,0.0,0.2743783465855092,2.84549771626019,2.4112892817479903,-8.901868622724452,0
2.724000000000002,433.34643125719526,0.0,0.285932603089071,2.931345003378355,2.375720707668682,-8.883170218001,0
2.728000000000002,433.71970667076715,0.0,0.29782683237733565,3.0154879554501233,2.3402177908641733,-8.869067913414032,0
2.732000000000002,434.0937070481714,0.0,0.3100542885212825,3.097968336204004,2.304761825434829,-8.859719284781395,0
2.736000000000002,434.4688064328118,0.0,0.32260846051348935,3.178860676110365,2.2693335087254134,-8.855266239327149,0
2.740000000000002,434.84538697917617,0.0,0.3354831901400246,3.2582658725048534,2.2339129912984887,-8.855841228906918,0
2.744000000000002,435.2238401565599,0.0,0.348672766553225,3.336305921469092,2.1984799036341514,-8.861572691090878,0
2.748000000000002,435.60456828246583,0.0,0.3621720018429464,3.4131196651337583,2.163013362427254,-8.872589828398912,0
2.752000000000002,435.98798635662615,0.0,0.37597629142701194,3.4888594341407884,2.127491958899075,-8.889026841110653,0
2.756000000000002,436.3745241803797,0.0,0.39008166260799726,3.5636884698059084,2.0918937310797645,-8.911026727763957,0
2.760000000000002,436.7646287587361,0.0,0.40448481420020244,3.637779020475321,2.0561961215702063,-8.938744762661317,0
2.764000000000002,437.1587669941283,0.0,0.41918314973338866,3.7113110191985292,2.0203759218669504,-8.972351753478646,0
2.768000000000002,437.55742869194233,0.0,0.4341748063955464,3.784471263516737,1.9844092039341543,-9.012037175797085,0
2.772000000000002,437.96112990879453,0.0,0.4494586815876467,3.8574530318860663,1.9482712393304524,-9.058012275956699,0
2.776000000000002,438.370416685622,0.0,0.4650344587281232,3.93045608444744,1.9119364058416206,-9.11051322963206,0
2.780000000000002,438.78586921939217,0.0,0.480902633760639,4.0036870082500675,1.8753780812253638,-9.169804441307065,0
2.784000000000002,439.20810654010273,0.0,0.49706454368253716,4.077359878559813,1.8385685233350024,-9.236182069598325,0
2.788000000000002,439.6377917742429,0.0,0.5135223983195907,4.151697218588125,1.8014787355459685,-9.309977865280043,0
2.792000000000002,440.07563809260677,0.0,0.5302793165220869,4.226931249984318,1.764078316054098,-9.391563412988127,0
2.796000000000002,440.5224154599492,0.0,0.5473393679459093,4.303305435900817,1.7263352892387545,-9.48135487398164,0
2.800000000000002,440.9789583272245,0.0,0.5647076216077416,4.38107632752911,1.688215916877704,-9.579818336028232,0
2.804000000000002,441.4461744349603,0.0,0.5823902024647474,4.460515733852705,1.649684486555273,-9.687475887396408,0
2.808000000000002,441.9250549297507,0.0,0.6003943573657118,4.541913243057607,1.61070307411212,-9.804912544884026,0
2.812000000000002,442.416686036171,0.0,0.6187285318513318,4.625579132568828,1.571231276436583,-9.932784180341502,0
2.816000000000002,442.9222625750573,0.0,0.6374024594458696,4.711847712867542,1.5312259102893258,-10.071826605371628,0
2.820000000000002,443.4431036777068,0.0,0.6564272652781291,4.801081157642274,1.4906406721849823,-10.222865988162987,0
2.824000000000002,443.9806711158892,0.0,0.6758155860921882,4.89367387855119,1.4494257536359196,-10.386830786832233,0
2.828000000000002,444.5365907513342,0.0,0.6955817089476426,4.990057505310657,1.4075274053185023,-10.564765385203568,0
2.832000000000002,445.112677706905,0.0,0.7157417311476344,5.090706528188141,1.3648874430024005,-10.757845601178257,0
2.836000000000002,445.7109659752476,0.0,0.7363137441367371,5.196144645552492,1.3214426874836338,-10.967396190620057,0
2.840000000000002,446.3337433072445,0.0,0.7573180442234921,5.306951826076772,1.2771243304509365,-11.194910367635524,0
2.844000000000002,446.98359235536145,0.0,0.778777372904834,5.423772030553228,1.2318572184823964,-11.442071166818925,0
2.848000000000002,447.6634391703433,0.0,0.8007171891369538,5.547321420831771,1.1855590487039755,-11.710774121486944,0
2.852000000000002,448.3766102317673,0.0,0.8231659748341897,5.678396678457633,1.1381394728572456,-12.003150121375771,0
2.856000000000002,449.1268991723079,0.0,0.8461555727308792,5.817882706812209,1.089499112963706,-12.32158627671402,0
2.860000000000002,449.91864411848775,0.0,0.8697215517674941,5.966758406991739,1.039528503638227,-12.668740883374202,0
2.864000000000002,450.75681591179654,0.0,0.893903588154668,6.126098253997162,0.9881069969726699,-13.04754572504661,0
2.868000000000002,451.6471160299755,0.0,0.9187458382835203,6.297065828054169,0.9351017015431662,-13.461184286469878,0
2.872000000000002,452.5960801695058,0.0,0.944297259607989,6.480892929061804,0.8803665866273835,-13.91302695617508,0
2.876000000000002,453.6111781147991,0.0,0.9706118027592687,6.678833920837222,0.8237419802947255,-14.406492482885774,0
2.880000000000002,454.70089098434454,0.0,0.9977483453957774,6.892078872927335,0.7650548466515108,-14.94478690100951,0
2.884000000000002,455.87473059333405,0.0,1.025770155942432,7.1216002694749365,0.7041204720406711,-15.530444996754703,0
2.888000000000002,457.1431390142071,0.0,1.0547435521656503,7.367896539116035,0.640746555994772,-16.16456512552379,0
2.892000000000002,458.5171661053783,0.0,1.0847352479277745,7.630583699377883,0.5747412128815039,-16.845592514948667,0
2.896000000000002,460.0077694671549,0.0,1.1158076732919255,7.907782270095994,0.5059270098321509,-17.567493592139158,0
2.900000000000002,461.6245296926632,0.0,1.1480113759984114,8.195271256588326,0.43416369559960977,-18.317236614020647,0
2.904000000000002,463.3735722555036,0.0,1.1813736559745749,8.485475336748033,0.35938215016921404,-19.071773639980336,0
2.908000000000002,465.25463991291747,0.0,1.215883235904009,8.7665689897574,0.28163015569196226,-19.795365490774426,0
2.912000000000002,467.2577066152199,0.0,1.2514725690955792,9.022327118158493,0.20112524916144636,-20.43912067559421,0
2.916000000000002,469.3602853628916,0.0,1.2880025500937684,9.233629405268509,0.11830050569020045,-20.94544889338472,0
2.920000000000002,471.5272367222735,0.0,1.3252577089429245,9.382217319277885,0.033819219164945125,-21.259218854055483,0
2.924000000000002,473.71449588367454,0.0,1.3629599928008211,9.455944233343232,-0.05146566414505571,-21.34337368715631,0
2.928000000000002,475.87618309364836,0.0,1.4008025371734654,9.453007858990143,-0.13661161510796482,-21.19154393690548,0
2.932000000000002,477.97228978825973,0.0,1.4384936190920499,9.382498721989947,-0.22071701819840506,-20.8297242298215,0
2.936000000000002,479.9737675283336,0.0,1.475794362253378,9.260936937600297,-0.303033286589125,-20.30602580230378,0
2.940000000000002,481.86374782337987,0.0,1.5125382001458654,9.107117423199107,-0.38302292348730127,-19.675390914408997,0
2.944000000000002,483.63580265570533,0.0,1.5486310299547448,8.937957241088144,-0.46036030475178435,-18.98727043997409,0
2.948000000000002,485.2909703557927,0.0,1.5840389601723537,8.766482662925553,-0.5348956349856628,-18.27964479892296,0
2.952000000000002,486.8348626912035,0.0,1.6187718275030143,8.601594822296262,-0.606606315869124,-17.578317806712192,0
2.956000000000002,488.27543794405153,0.0,1.6528678933312868,8.448754730866385,-0.6755517643193567,-16.898935299319643,0
2.960000000000002,489.62151472732546,0.0,1.686381936758945,8.310913148808103,-0.7418382507714565,-16.249729549272917,0
2.964000000000002,490.88188243191206,0.0,1.7193769408715482,8.189344262899699,-0.805594343110748,-15.633979895724345,0
2.968000000000002,492.06482375591855,0.0,1.751918719262342,8.084276939882102,-0.8669550286283272,-15.051875867822849,0
2.972000000000002,493.1778960327919,0.0,1.7840726642961826,7.99533004574332,-0.9260520991743686,-14.501802609196703,0
2.976000000000002,494.2278637765482,0.0,1.8159019150936224,7.921794941060125,-0.9830087311859792,-13.981176449785224,0
2.980000000000002,495.22071355908923,0.0,1.8474664265345133,7.86281041045176,-1.037936735278418,-13.48696456660788,0
2.984000000000002,496.16170968699277,0.0,1.8788225848859703,7.817466163116178,-1.0909354360616756,-13.015995556747834,0
2.988000000000002,497.0554668075251,0.0,1.9100231389858955,7.784860609927431,-1.1420915072566586,-12.565136848226905,0
2.992000000000002,497.90602637750874,0.0,1.9411173009094718,7.76413011646408,-1.191479338171023,-12.131389724237955,0
2.996000000000002,498.71693029171234,0.0,1.9721509258856535,7.754460830542131,-1.2391616724223962,-11.711934718637021,0
3.000000000000002,499.49128859602564,0.0,2.0031667168490053,7.755090080767314,-1.2851903649240466,-11.304148032820576,0
3.0040000000000022,500.2318402086667,0.0,2.0342044212862405,7.765301684308951,-1.3296071688848485,-10.90560177435453,0
3.0080000000000022,500.94100662087754,0.0,2.0653010017628013,7.784417819099627,-1.3724445050478042,-10.514055836026145,0
3.0120000000000022,501.62093905499853,0.0,2.096490769873146,7.811789068292711,-1.4137261899361366,-10.127446114123249,0
3.0160000000000022,502.27355976230194,0.0,2.1278054784005604,7.846783603490362,-1.4534681144880892,-9.74387182756944,0
3.0200000000000022,502.90059818442194,0.0,2.1592743695019045,7.8887760884820795,-1.4916788729236252,-9.361583503504216,0
3.0240000000000022,503.50362266005,0.0,2.190924178570409,7.937136661553968,-1.5283603463577684,-8.978972458932638,0
3.0280000000000022,504.0840682775612,0.0,2.222779094589601,7.991220231443236,-1.563508248015797,-8.594562155538165,0
3.0320000000000022,504.6432613793065,0.0,2.254860678594884,8.050356261521264,-1.5971126378111258,-8.207001525599095,0
3.0360000000000023,505.18244112811993,0.0,2.2871877425029083,8.113839194429325,-1.6291584140639515,-7.815060193160622,0
3.0400000000000023,505.7027784585921,0.0,2.319776191172622,8.18091966933207,-1.6596257895990512,-7.417625404625387,0
3.0440000000000023,506.20539265895314,0.0,2.3526388311909123,8.250796695588967,-1.6884907585654894,-7.013700411803497,0
3.0480000000000023,506.69136576632155,0.0,2.3857851505626932,8.322610962578757,-1.7157255591931921,-6.602404003736247,0
3.0520000000000023,507.1617549100369,0.0,2.4192210742348657,8.395439480277599,-1.7412991364214303,-6.182970853344167,0
3.0560000000000023,507.6176027056766,0.0,2.4529487011839137,8.468291754985199,-1.7651776069591971,-5.754752327217952,0
3.0600000000000023,508.05994578659977,0.0,2.4869660296209766,8.540107706346205,-1.7873247279135391,-5.317217400041274,0
3.0640000000000023,508.48982156041075,0.0,2.5212666776798507,8.609757523448147,-1.807702368691615,-4.8699533187103645,0
3.0680000000000023,508.90827329392204,0.0,2.555839607708773,8.676043638047416,-1.8262709844866958,-4.4126656750099365,0
3.0720000000000023,509.3163536605989,0.0,2.59066886294006,8.737704961424388,-1.8429900883378192,-3.945177569287006,0
3.0760000000000023,509.7151269268039,0.0,2.6257333258150872,8.793423488245347,-1.857818717544614,-3.4674275799310674,0
3.0800000000000023,510.1056700042683,0.0,2.661006507551207,8.841833316918299,-1.8707158891549476,-2.979466292939343,0
3.0840000000000023,510.4890726521153,0.0,2.69645637861127,8.881532072435187,-1.8816410383476203,-2.481451190151761,0
3.0880000000000023,510.8664371678172,0.0,2.7320452495391976,8.911094645895469,-1.8905544328194228,-1.9736397412890678,0
3.0920000000000023,511.2388779576892,0.0,2.7677297111264174,8.92908908606716,-1.8974175557594108,-1.4563805911679268,0
3.0960000000000023,511.6075214188963,0.0,2.8034606420476536,8.934094393617809,-1.9021934496474362,-0.9301027772760022,0
3.1000000000000023,511.97350659189146,0.0,2.839183290929597,8.924719879192857,-1.9048470129361146,-0.39530295287842643,0
3.1040000000000023,512.3379870510107,0.0,2.8748374382759536,8.899625653772736,-1.9053452416488117,0.147469373529573,0
3.1080000000000023,512.7021344892736,0.0,2.910357641755983,8.857543725875546,-1.9036574080356878,0.6976285399969264,0
3.1120000000000023,513.0671444207529,0.0,2.9456735660934257,8.79729908857512,-1.899755168643864,1.2545713041579039,0
3.1160000000000023,513.4342443718216,0.0,2.980710396103916,8.717830095037536,-1.893612594527358,1.817697190853679,0
3.1200000000000023,513.8047048653204,0.0,3.0153893285585056,8.618207351046044,-1.8852061166899912,2.386430498441382,0
3.1240000000000023,514.1798534259411,0.0,3.0496281352788586,8.497650305042837,-1.874514380418324,2.9602438282183177,0
3.1280000000000023,514.5610917601775,0.0,3.0833417865949357,8.355540699326511,-1.8615180026864753,3.5386829942370923,0
3.1320000000000023,514.949916201557,0.0,3.1164431209645223,8.191432068234965,-1.8461992273944894,4.121393174997797,0
3.1360000000000023,515.3475770052311,0.0,-3.1343417637616433,8.005054536057486,-1.8285414737121037,4.70814619357975,0
3.1400000000000023,515.7546099938903,0.0,-3.1027315744660733,7.796314280578107,-1.8085287731582387,5.298868865780639,0
3.1440000000000023,516.1729957911616,0.0,-3.0720009723286417,7.5652871836237345,-1.7861450911235401,5.893672444800332,0
3.1480000000000024,516.6049299867724,0.0,-3.042238688137008,7.312206377713357,-1.761373528180064,6.492883323382711,0
3.1520000000000024,517.0528615907268,0.0,-3.0135322356952337,7.03744360196422,-1.734195395531657,7.097075336526177,0
3.1560000000000024,517.5195363682526,0.0,-2.985967404853344,6.741484480332018,-1.7045891571307603,7.7071042451381135,0
3.1600000000000024,518.0080462088064,0.0,-2.9596278651268726,6.424898008190147,-1.6725292280929782,8.324145277681346,0
3.1640000000000024,518.521886215619,0.0,-2.9345949022847613,6.088300656720891,-1.6379846148342647,8.949734966890652,0
3.1680000000000024,519.0650218844892,0.0,-2.9109473085109023,5.732315559517916,-1.6009173765757367,9.585818945927814,0
3.1720000000000024,519.641969607033,0.0,-2.88876144491131,5.357527219478684,-1.561280880231953,10.23480786609726,0
3.1760000000000024,520.2578948362349,0.0,-2.8681114935807273,4.964432063272205,-1.5190178109371448,10.899644165754124,0
3.1800000000000024,520.9187336652177,0.0,-2.8490699154822074,4.553384985703226,-1.4740578883116218,11.583883043966082,0
3.1840000000000024,521.6313453951946,0.0,-2.831708130274066,4.124541798053783,-1.426315223877344,12.291791626829465,0
3.1880000000000024,522.4037060347695,0.0,-2.816097434997584,3.677797288919475,-1.3756852379632853,13.028470837284981,0
3.1920000000000024,523.2451557243571,0.0,-2.802310179891407,3.212718554861563,-1.3220410359405346,13.80000460286638,0
3.1960000000000024,524.1667169289419,0.0,-2.7904212204431893,2.7284736234778273,-1.2652291264096718,14.61364011813537,0
3.2000000000000024,525.1815048390044,0.0,-2.78050966252777,2.223756700727105,-1.2050643546175923,15.477999533835815,0
3.2040000000000024,526.3052562143706,0.0,-2.7726609064461485,1.6967146998941192,-1.1413239377709772,16.403314733176032,0
3.2080000000000024,527.5570060358157,0.0,-2.7669689639394406,1.1448872440967737,-1.0737405573488967,17.401656602969172,0
3.2120000000000024,528.9599376811399,0.0,-2.7635389450626633,0.5651885596851969,-1.001994655778228,18.487085558085,0
3.2160000000000024,530.5424090699565,0.0,-2.762489438346954,-0.04600633446044189,-0.9257065451122752,19.675554633013505,0
3.2200000000000024,532.3390837264026,0.0,-2.7639541350744494,-0.6925391487756954,-0.8444299604793315,20.984197607246806,0
3.2240000000000024,534.3919027872291,0.0,-2.7680812751396005,-1.3776397337397759,-0.7576508713399015,22.42923460981308,0
3.2280000000000024,536.7501774026556,0.0,-2.7750279495587975,-2.102066140334405,-0.6647997948656545,24.020974853452607,0
3.2320000000000024,539.468109807726,0.0,-2.7849434309710794,-2.8602847344272035,-0.5652942212073278,25.753182425389255,0
3.2360000000000024,542.5963352787496,0.0,-2.7979311523681076,-3.633394262435851,-0.4586413165781611,27.582894034146367,0
3.2400000000000024,546.1622742617388,0.0,-2.8139744764185153,-4.378203862142845,-0.34464504807033514,29.398619765658072,0
3.2440000000000024,550.136319741589,0.0,-2.8328163954420553,-5.016553707607636,-0.22374925102922028,30.98823399943266,0
3.2480000000000024,554.3962199490462,0.0,-2.8538202162309965,-5.440088745657525,-0.09744304211615429,32.0503775536366,0
3.2520000000000024,558.7279691148509,0.0,-2.875916395015974,-5.550689192264472,0.031572327672844125,32.30874879996203,0
3.2560000000000024,562.891968096232,0.0,-2.897769394288705,-5.322444483225222,0.15984444280451804,31.68988343872333,0
3.2600000000000025,566.7111150364467,0.0,-2.91813018567483,-4.8213747099285325,0.28416451564969414,30.380007368459186,0
3.2640000000000025,570.1074512646012,0.0,-2.9361246088547155,-4.157839902423234,0.4023778465341934,28.68821515421171,0
3.2680000000000025,573.0808692658323,0.0,-2.9513073084687846,-3.428806327784243,0.5135222598488767,26.881664151126504,0
3.2720000000000025,575.6713799529191,0.0,-2.9635507490611808,-2.69549920075793,0.6174998268784986,25.12365452620171,0
3.2760000000000025,577.9317269958265,0.0,-2.9729071265938742,-1.98844626054027,0.7146796844413466,23.490080850458703,0
3.2800000000000025,579.9135537585429,0.0,-2.979509277899222,-1.3193059103223315,0.8056186368973233,22.00430925225541,0
3.2840000000000025,581.6621925391375,0.0,-2.9835149543742077,-0.6900687916663474,0.8909081455565353,20.66369815412157,0
3.2880000000000025,583.215608312466,0.0,-2.985080055001635,-0.09845734499759773,0.9711040028837932,19.454832396197418,0
3.2920000000000025,584.6049830219249,0.0,-2.9843477526211757,0.45930327337858934,1.0467003246751645,18.361122100502374,0
3.2960000000000025,585.8557795008189,0.0,-2.981445450534242,0.9871843577287596,1.1181246406653162,17.36621337772817,0
3.3000000000000025,586.9888178769355,0.0,-2.97648527360154,1.4887994919957115,1.185741966495204,16.45532198125292,0
3.3040000000000025,588.0212078687797,0.0,-2.969565969644197,1.9672085282774736,1.2498620302257741,15.615604740920393,0
3.3080000000000025,588.9671066317403,0.0,-2.960775224450064,2.424884822076161,1.310747035016913,14.83611730272758,0
3.3120000000000025,589.8383172958199,0.0,-2.9501919486161903,2.8637516471735913,1.3686188857373462,14.107616465411342,0
3.3160000000000025,590.6447557179797,0.0,-2.937888358718329,3.2852438543055884,1.4236655222991832,13.422323451251572,0
3.3200000000000025,591.3948128959227,0.0,-2.9239317965218667,3.69037514395763,1.4760463161494055,12.77369703353189,0
3.3240000000000025,592.0956364699834,0.0,-2.9083862824818105,4.079802873568836,1.5258966115225796,12.156234235602593,0
3.3280000000000025,592.7533500805258,0.0,-2.8913138200319217,4.453887653149706,1.5733315322559385,11.565302403845818,0
3.3320000000000025,593.3732251899231,0.0,-2.87277547281354,4.812747314035165,1.6184491768393894,10.997000681338305,0
3.3360000000000025,593.9598166002803,0.0,-2.8528322365459395,5.1563057314468965,1.6613333116179234,10.448046882120074,0
3.3400000000000025,594.5170702652014,0.0,-2.8315457247202893,5.484337207466924,1.7020556549885715,9.915685401483627,0
3.3440000000000025,595.0484099772734,0.0,-2.8089786845535656,5.796507050466709,1.7406778284807096,9.397612115802351,0
3.3480000000000025,595.5568079747883,0.0,-2.78519535744352,6.092408803047486,1.777253035490041,8.891912776450035,0
3.3520000000000025,596.0448433333023,0.0,-2.7602616967737887,6.37159836325088,1.811827515634139,8.397011989085478,0
3.3560000000000025,596.5147510973377,0.0,-2.734245455322977,6.633625057658203,1.8444418121703592,7.9116304131839765,0
3.3600000000000025,596.9684643959605,0.0,-2.7072161546004665,6.878059581509108,1.8751318814313223,7.434748292203983,0
3.3640000000000025,597.4076512236857,0.0,-2.679244948972297,7.1045186293464395,1.9039300665078844,6.965573830045973,0
3.3680000000000025,597.8337471206268,0.0,-2.6504043982399814,7.312686001757541,1.9308659521745763,6.503515270643935,0
3.3720000000000026,598.2479846293966,0.0,-2.6207681631837048,7.50232998622552,1.9559671140672865,6.048155822543124,0
3.3760000000000026,598.6514201248724,0.0,-2.590410639290994,7.67331686569996,1.9792597721776222,5.599230806246746,0
3.3800000000000026,599.0449583953209,0.0,-2.5594065443094003,7.8256204970505525,2.00076935663804,5.15660659452967,0
3.3840000000000026,599.4293751910748,0.0,-2.5278304752791527,7.959328010952597,2.020520992371438,4.720261069067871,0
3.3880000000000026,599.8053378428503,0.0,-2.495756450261368,8.074641802101516,2.038539908318363,4.290265434076517,0
3.3920000000000026,600.1734239791566,0.0,-2.46325744907249,8.171878091619487,2.054851776497637,3.8667673124329442,0
3.3960000000000026,600.534138334274,0.0,-2.430404966005785,8.251462441464062,2.0694829859785866,3.449975105475366,0
3.4000000000000026,600.8879276279912,0.0,-2.3972685858429443,8.31392267558474,2.0824608568367573,3.04014362831346,0
3.4040000000000026,601.235193508667,0.0,-2.3639155925358253,8.35987970971437,2.093813799238605,2.6375610426146365,0
3.4080000000000026,601.5763035754879,0.0,-2.330410617885434,8.390036809576088,2.1035714228819984,2.2425371033920403,0
3.4120000000000026,601.9116005279001,0.0,-2.296815335476932,8.405167787522656,2.1117646020562546,1.8553927203850324,0
3.4160000000000026,602.2414095248473,0.0,-2.2631882031492303,8.40610461421179,2.1184255015457314,1.47645081302078,0
3.4200000000000026,602.5660438695228,0.0,-2.2295842554692094,8.393724870462762,2.1235875684707537,1.1060284149289183,0
3.4240000000000026,602.8858091638225,0.0,-2.196054946103601,8.368939401257073,2.1272854949403808,0.744429962950806,0
3.4280000000000026,603.2010060987192,0.0,-2.162648038670156,8.332680465170544,2.1295551560961954,0.3919416889263707,0
3.4320000000000026,603.51193206144,0.0,-2.1294075436147786,8.285890603857974,2.1304335277755246,0.048827021586308805,0
3.4360000000000026,603.8188817475427,0.0,-2.096373697892332,8.229512391916,2.1299585876398535,-0.28467709903923777,0
3.4400000000000026,604.1221469661994,0.0,-2.0635829837117363,8.164479170461906,2.1281692032247026,-0.6083630914553875,0
3.4440000000000026,604.4220158211011,0.0,-2.031068182269042,8.09170682005357,2.1251050099858784,-0.9220548786554494,0
3.4480000000000026,604.7187714384262,0.0,-1.9988584582870388,8.012086589942669,2.120806282071486,-1.2256093929924967,0
3.4520000000000026,605.0126903984496,0.0,-1.9669794711357973,7.926478971709963,2.1153137982319805,-1.518917513245716,0
3.4560000000000026,605.3040410097195,0.0,-1.9354535084237128,7.835708583967367,2.108668705011981,-1.8019044963178004,0
3.4600000000000026,605.5930815453396,0.0,-1.9042996381054493,7.740560020318531,2.100912379136375,-2.074529956485098,0
3.4640000000000026,605.8800585407188,0.0,-1.8735338753657977,7.641774603337419,2.092086290808343,-2.3367874371108788,0
3.4680000000000026,606.1652052319831,0.0,-1.8431693607798287,7.540047981611764,2.082231869469833,-2.5887036138406225,0
3.4720000000000026,606.4487401947706,0.0,-1.8132165465086771,7.436028503695179,2.0713903734269934,-2.8303371646239004,0
3.4760000000000026,606.7308662248987,0.0,-1.78368338755849,7.3303163011949195,2.059602764605591,-3.061777340275818,0
3.4800000000000026,607.0117694858252,0.0,-1.754575535402786,7.223463012557372,2.046909589567022,-3.2831422693139753,0
3.4840000000000027,607.291618933229,0.0,-1.725896531542496,7.115972079027315,2.0333508677785286,-3.49457703196774,0
3.4880000000000027,607.5705660145977,0.0,-1.6976479988515898,7.00829954458594,2.018965987988299,-3.696251539992553,0
3.4920000000000027,607.8487446315278,0.0,-1.6698298288276057,6.900855292399379,2.0037936134059393,-3.8883582606957,0
3.4960000000000027,608.1262713444912,0.0,-1.642440363134071,6.794004651500814,1.9878715962323152,-4.07110982493392,0
3.5000000000000027,608.4032457940316,0.0,-1.6154765680836327,6.6880703091817075,1.9712369019222038,-4.244736559434527,0
3.5040000000000027,608.6797513085437,0.0,-1.5889342009642284,6.583334466965854,1.9539255434022227,-4.409483983407659,0
3.5080000000000027,608.9558556667637,0.0,-1.5628079673531587,6.480041181129339,1.93597252530917,-4.5656103079739685,0
3.5120000000000027,609.2316119826004,0.0,-1.5370916687928151,6.378398832503404,1.91741179816443,-4.713383974459788,0
3.5160000000000027,609.5070596807075,0.0,-1.5117783404141818,6.278582674695389,1.8982762222623517,-4.853081264232377,0
3.5200000000000027,609.7822255329563,0.0,-1.486860378288057,6.180737414778415,1.8785975409278528,-4.984984008646615,0
3.5240000000000027,610.0571247284682,0.0,-1.4623296564572748,6.08497978579262,1.8584063626932554,-5.1093774230732825,0
3.5280000000000027,610.3317619528527,0.0,-1.4381776337547763,5.991401075909808,1.8377321518581926,-5.226548084110308,0
3.5320000000000027,610.6061324555684,0.0,-1.4143954506419618,5.900069584675089,1.8166032268298444,-5.336782064164676,0
3.5360000000000027,610.8802230876897,0.0,-1.390974016408986,5.811032982197908,1.7950467655936357,-5.440363232831358,0
3.5400000000000027,611.1540132956849,0.0,-1.3679040871647707,5.724320552383338,1.77308881763582,-5.537571730048688,0
3.5440000000000027,611.4274760599662,0.0,-1.345176335110171,5.639945306160189,1.7507543216276655,-5.6286826119991735,0
3.5480000000000027,611.7005787698911,0.0,-1.3227814096349455,5.557905955090904,1.7280671281842235,-5.713964667232671,0
3.5520000000000027,611.9732840295077,0.0,-1.3007099908096045,5.478188739683739,1.7050500270268216,-5.7936793975590914,0
3.5560000000000027,612.2455503906361,0.0,-1.2789528358588704,5.400769110141523,1.6817247779051314,-5.868080155901821,0
3.5600000000000027,612.5173330118299,0.0,-1.2575008192066903,5.325613260168376,1.6581121446696638,-5.937411431505323,0
3.5640000000000027,612.7885842433955,0.0,-1.2363449666752295,5.252679516830888,1.6342319319267045,-6.001908271615469,0
3.5680000000000027,613.0592541399648,0.0,-1.2154764844044408,5.1819195913631795,1.6101030237529663,-6.061795827949324,0
3.5720000000000027,613.3292909031538,0.0,-1.1948867830361607,5.1132796972570205,1.5857434239948738,-6.117289015884636,0
3.5760000000000027,613.5986412576168,0.0,-1.174567497679071,5.0467015430361934,1.5611702977258464,-6.168592274266602,0
3.5800000000000027,613.8672507643705,0.0,-1.1545105041397683,4.9821232078299165,1.5364000134829308,-6.215899413989451,0
3.5840000000000027,614.1350640756353,0.0,-1.1347079318717412,4.919479908284998,1.5114481859505755,-6.25939354400492,0
3.5880000000000027,614.4020251356579,0.0,-1.1151521740594994,4.858704665540757,1.4863297188034235,-6.299247064085716,0
3.5920000000000027,614.6680773320778,0.0,-1.0958358952201266,4.7997288809817835,1.4610588474611301,-6.33562171448293,0
3.5960000000000027,614.9331636023998,0.0,-1.0767520366699728,4.742482829324293,1.4356491815458483,-6.36866867352216,0
3.6000000000000028,615.1972265000643,0.0,-1.0578938201704773,4.686896077320559,1.4101137468669211,-6.398528695150951,0
3.6040000000000028,615.4602082244892,0.0,-1.0392547500346332,4.632897836016065,1.3844650267873,-6.425332279453953,0
3.6080000000000028,615.7220506193094,0.0,-1.0208286139447011,4.580417254094207,1.3587150028520742,-6.44919987017188,0
3.6120000000000028,615.9826951428819,0.0,-1.00260948270245,4.529383659417502,1.332875194581323,-6.470242074281452,0
3.6160000000000028,616.2420828149639,0.0,-0.9845917091056329,4.4797267554419635,1.3069566983472427,-6.4885598997063685,0
3.6200000000000028,616.5001541433256,0.0,-0.9667699261185732,4.431376778758281,1.2809702252692219,-6.50424500822789,0
3.6240000000000028,616.7568490339368,0.0,-0.9491390444805177,4.384264623612075,1.2549261380702816,-6.517379981645186,0
3.628000000000003,617.0121066882664,0.0,-0.931694249872745,4.338321938884836,1.2288344868441836,-6.528038600199323,0
3.632000000000003,617.2658654911805,0.0,-0.9144309997442086,4.2934812026838545,1.2027050436845297,-6.536286133221332,0
3.636000000000003,617.5180628928955,0.0,-0.8973450198754627,4.249675779397463,1.1765473361254966,-6.542179642895067,0
3.640000000000003,617.7686352884677,0.0,-0.8804323007417167,4.206839963823265,1.1503706793384243,-6.545768302940157,0
3.644000000000003,618.0175178983626,0.0,-0.8636890937178556,4.164909016771468,1.1241842070194838,-6.547093734918224,0
3.648000000000003,618.264644653749,0.0,-0.8471119071510351,4.123819196380922,1.0979969008910384,-6.546190365743378,0
3.652000000000003,618.5099480903128,0.0,-0.8306975023096932,4.083507789257831,1.0718176187233173,-6.543085810829093,0
3.656000000000003,618.7533592545616,0.0,-0.814442889201672,4.043913145450103,1.0456551207636053,-6.537801288116606,0
3.660000000000003,618.9948076268047,0.0,-0.7983453222382053,4.004974721195494,1.0195180944376823,-6.530352068988088,0
3.664000000000003,619.2342210652246,0.0,-0.7824022957048768,3.9666331333180307,0.9934151771627899,-6.520747972747481,0
3.668000000000003,619.4715257756957,0.0,-0.7666115389853481,3.9288302290811696,0.9673549770835503,-6.508993911921654,0
3.672000000000003,619.706646312243,0.0,-0.7509710114685504,3.8915091752211057,0.9413460915122851,-6.495090496054453,0
3.676000000000003,619.9395056132437,0.0,-0.735478897055323,3.854614569760184,0.9153971228240412,-6.479034701887063,0
3.680000000000003,620.1700250786374,0.0,-0.7201335981665444,3.818092580015981,0.8895166915249817,-6.460820617781313,0
3.684000000000003,620.3981246935056,0.0,-0.704933729141505,3.7818911099510686,0.8637134461820111,-6.440440269880861,0
3.688000000000003,620.6237232033617,0.0,-0.689878108903546,3.7459599996244024,0.837996069872883,-6.417884536744111,0
3.692000000000003,620.8467383463496,0.0,-0.6749657527598423,3.710251258979022,0.8123732827914019,-6.393144157943559,0
3.696000000000003,621.0670871472187,0.0,-0.6601958631946729,3.674719337503985,0.786853840623781,-6.366210840330212,0
3.700000000000003,621.2846862774112,0.0,-0.6455678195110366,3.6393214304151043,0.761446528302006,-6.337078463236451,0
3.704000000000003,621.4994524848188,0.0,-0.6310811661750897,3.604017820888173,0.7361601487409768,-6.305744380778082,0
3.708000000000003,621.7113030956984,0.0,-0.6167355997223112,3.568772256537258,0.7110035061809956,-6.272210815582822,0
3.712000000000003,621.9201565898827,0.0,-0.6025309540945933,3.533552356759118,0.6859853837886885,-6.236486333720646,0
3.716000000000003,622.1259332487338,0.0,-0.5884671842945259,3.498330045778896,0.6611145152206035,-6.198587385392577,0
3.720000000000003,622.3285558733029,0.0,-0.5745443482676365,3.463082004268838,0.6363995499268995,-6.158539890161324,0
3.724000000000003,622.5279505678718,0.0,-0.5607625869559847,3.427790130331814,0.6118490120695821,-6.116380839364175,0
3.728000000000003,622.7240475815335,0.0,-0.5471221025076396,3.39244199853238,0.5874712530516977,-6.0721598820995455,0
3.732000000000003,622.916782197776,0.0,-0.5336231346758247,3.3570313036342974,0.563274397800539,-6.025940855167313,0
3.736000000000003,623.1060956592883,0.0,-0.5202659354986849,3.3215582739033467,0.5392662851173373,-5.977803211985952,0
3.740000000000003,623.2919361125196,0.0,-0.5070507424141297,3.2860300374148053,0.5154544025948073,-5.927843301277971,0
3.744000000000003,623.4742595540725,0.0,-0.49397775003241406,3.25046092393132,0.4918458168065456,-5.876175443705972,0
3.748000000000003,623.6530307589427,0.0,-0.481047080859458,3.2148726847492073,0.4684470996813648,-5.822932754136484,0
3.752000000000003,623.8282241691213,0.0,-0.4682587553332773,3.1792946135876106,0.4452642521817811,-5.768267659224001,0
3.756000000000003,623.9998247203094,0.0,-0.4556126616006324,3.1437635532133834,0.42230262659844087,-5.712352064839808,0
3.760000000000003,624.1678285845867,0.0,-0.4431085255174523,3.1083237750949837,0.3995668489395783,-5.655377135641696,0
3.764000000000003,624.3322438079314,0.0,-0.4307458814005045,3.0730267229279167,0.3770607430251154,-5.597552659695968,0
3.768000000000003,624.4930908235355,0.0,-0.4185240440859985,3.0379306152574705,0.3547872579778595,-5.53910598418079,0
3.772000000000003,624.650402824865,0.0,-0.40644208285996797,3.003099907443876,0.3327484008306101,-5.480280523230373,0
3.776000000000003,624.8042259862812,0.0,-0.39449879781365027,2.9686046185992474,0.310945175931689,-5.421333855111644,0
3.780000000000003,624.9546195235841,0.0,-0.3826926991436217,2.9345195345485875,0.2893775327299952,-5.362535442182759,0
3.784000000000003,625.1016555918345,0.0,-0.37102198986191226,2.9009233029756567,0.26804432335574013,-5.304164022408027,0
3.788000000000003,625.2454190229802,0.0,-0.3594845523074568,2.867897441361825,0.24694327119042114,-5.246504734555981,0
3.792000000000003,625.3860069108582,0.0,-0.3480779387605182,2.835525281806482,0.22607095134903155,-5.189846049668173,0
3.796000000000003,625.52352805578,0.0,-0.3367993663603599,2.803890879098362,0.20542278369215516,-5.134476588254686,0
3.800000000000003,625.6581022848743,0.0,-0.3256457164186237,2.773077909351974,0.18499303866067152,-5.080681905536165,0
3.804000000000003,625.7898596674557,0.0,-0.3146135381119848,2.7431685861053907,0.16477485589762075,-5.028741325826765,0
3.808000000000003,625.9189396467756,0.0,-0.30369905643310346,2.714242619077491,0.14476027530632862,-4.978924902081322,0
3.812000000000003,626.0454901105219,0.0,-0.29289818418332203,2.686376237983733,0.1249402799055872,-4.931490568247821,0
3.816000000000003,626.1696664224069,0.0,-0.28220653770805626,2.659641300163466,0.10530484959328668,-4.886681541130957,0
3.820000000000003,626.2916304361777,0.0,-0.2716194560090557,2.634104496577381,0.08584302472783456,-4.844724015878754,0
3.824000000000003,626.4115495115648,0.0,-0.2611320228183054,2.6098266663033063,0.06654297828684186,-4.805825185887896,0
3.828000000000003,626.5295955492214,0.0,-0.25073909118667004,2.5868622252883604,0.04739209526581867,-4.770171604773595,0
3.832000000000003,626.6459440588077,0.0,-0.24043531012552677,2.565258711061148,0.02837705793392331,-4.737927895834811,0
3.836000000000003,626.760773271239,0.0,-0.23021515284017724,2.545056441567307,0.009483935564029267,-4.709235803761997,0
3.840000000000003,626.8742633029461,0.0,-0.22007294610715888,2.526288283397133,-0.009301722706414495,-4.684213574580289,0
3.844000000000003,626.9865953769512,0.0,-0.2100029003710695,2.508979522489737,-0.027994793157253284,-4.662955643192907,0
3.848000000000003,627.0979511027881,0.0,-0.19999914016745635,2.493147828927241,-0.046610482091525185,-4.645532603399215,0
3.852000000000003,627.2085118148896,0.0,-0.19005573451358515,2.4788033066262987,-0.0651642308405691,-4.6319914327665686,0
3.856000000000003,627.3184579670966,0.0,-0.18016672694637492,2.465948618505791,-0.08367162213099455,-4.622355943976142,0
3.860000000000003,627.4279685794521,0.0,-0.1703261649240737,2.454579177946909,-0.1021482886635301,-4.616627434906507,0
3.864000000000003,627.5372207324207,0.0,-0.16052812834400498,2.4446833979412066,-0.12060982464588577,-4.61478551139506,0
3.868000000000003,627.6463891031199,0.0,-0.1507667569614739,2.436242990119207,-0.13907170092204701,-4.616789058954599,0
3.872000000000003,627.7556455380063,0.0,-0.14103627652448836,2.4292333067509198,-0.15754918425077769,-4.622577342373745,0
3.876000000000003,627.8651586566888,0.0,-0.13133102346468561,2.4236237197094272,-0.176057261207184,-4.632071214794207,0
3.880000000000003,627.975093482071,0.0,-0.12164546800723386,2.419378031208399,-0.1946105671125551,-4.645174420292002,0
3.884000000000003,628.0856110927972,0.0,-0.11197423558188291,2.416454911804419,-0.21322332033800429,-4.6617749760157094,0
3.888000000000003,628.1968682949095,0.0,-0.10231212643417109,2.4148083616582503,-0.23190926227485953,-4.68174662144148,0
3.892000000000003,628.309017310659,0.0,-0.09265413335129935,2.4143881913597665,-0.25068160321703203,-4.704950323244535,0
3.896000000000003,628.4222054834825,0.0,-0.08299545743151171,2.415140518742841,-0.2695529743555767,-4.731235824671249,0
3.900000000000003,628.536574999187,0.0,-0.07333152184025948,2.417008278069364,-0.2885353860410884,-4.7604432281853155,0
3.904000000000003,628.6522626243437,0.0,-0.06365798351117391,2.4199317377792156,-0.30764019242380414,-4.7924045996561535,0
3.908000000000003,628.7693994637094,0.0,-0.05397074276567082,2.4238490227286458,-0.3268780625328418,-4.826945581586149,0
3.912000000000003,628.8881107391516,0.0,-0.04426595084188634,2.4286966365215825,-0.34625895780425076,-4.863887001980155,0
3.916000000000003,629.0085155930145,0.0,-0.03454001534189288,2.43440997922712,-0.36579211601218553,-4.903046464594773,0
3.920000000000003,629.1307269191157,0.0,-0.024789603625521295,2.440923855519536,-0.3854860414989929,-4.944239905607792,0
3.924000000000003,629.2548512246034,0.0,-0.015011644199304897,2.4481729681167,-0.40534850153923685,-4.987283101343574,0
3.928000000000003,629.3809885257401,0.0,-0.005203326169663569,2.4560923913620183,-0.4253865286110621,-5.03199311167598,0
3.932000000000003,629.5092322803215,0.0,0.004637903150083389,2.464618019916729,-0.44560642828750474,-5.0781896441719185,0
3.936000000000003,629.6396693589227,0.0,0.014514342369736255,2.473686987814164,-0.46601379240230756,-5.125696324965414,0
3.940000000000003,629.7723800565146,0.0,0.02442804176189739,2.48323805357392,-0.4866135170913939,-5.174341863757335,0
3.944000000000003,629.9074381452506,0.0,0.034380810467943945,2.4932119476687933,-0.5074098252643111,-5.223961102178384,0
3.948000000000003,630.0449109684242,0.0,0.044374225013466884,2.503551679357797,-0.5284062930211952,-5.274395936962048,0
3.952000000000003,630.1848595747927,0.0,0.05440963896601403,2.514202800713787,-0.5496058795014971,-5.3254961118561965,0
3.956000000000003,630.3273388916671,0.0,0.06448819356100799,2.525113626548308,-0.5710109596316677,-5.377119874848564,0
3.960000000000003,630.4723979344457,0.0,0.07461082911835604,2.5362354098309936,-0.5926233592307231,-5.429134499977582,0
3.964000000000003,630.6200800496184,0.0,0.0847782970723685,2.5475224730785415,-0.6144443919349616,-5.481416675633214,0
3.968000000000003,630.7704231877349,0.0,0.09499117244120825,2.5589322970142057,-0.6364748974157717,-5.533852763719133,0
3.972000000000003,630.9234602024118,0.0,0.10524986656881907,2.5704255685431727,-0.6587152803864473,-5.586338936259863,0
3.976000000000003,631.0792191711693,0.0,0.11555463998176307,2.5819661907288523,-0.6811655499241596,-5.638781197925858,0
3.980000000000003,631.2377237337275,0.0,0.12590561521523824,2.5935212579739573,-0.7038253586703167,-5.691095304469509,0
3.984000000000003,631.3989934433625,0.0,0.13630278947616503,2.605060999999615,-0.7266940415148717,-5.74320658819142,0
3.988000000000003,631.5630441270008,0.0,0.1467460470261699,2.616558698474053,-0.7497706534162205,-5.79504970228591,0
3.992000000000003,631.7298882499136,0.0,0.15723517118302155,2.627990580274285,-0.7730540060565545,-5.846568296263125,0
3.996000000000003,631.899535281137,0.0,0.16776985585504534,2.6393356913794617,-0.7965427030814123,-5.89771463464309,0
4.000000000000003,632.0719920560725,0.0,0.17834971653892495,2.650575755306824,-0.8202351737204445,-5.948449170806762,0
4.004000000000002,632.247263133106,0.0,0.1889743007265885,2.6616950198266967,-0.8441297046328682,-5.99874008732014,0
4.008000000000002,632.425351141487,0.0,0.19964309768139188,2.672680095449238,-0.8682244698648862,-6.048562813273135,0
4.012000000000001,632.6062571181396,0.0,0.2103555475571568,2.683519788880441,-0.8925175588466772,-6.097899528248636,0
4.016000000000001,632.7899808314988,0.0,0.22111104984582752,2.694204934315156,-0.9170070023930208,-6.14673866151038,0
4.0200000000000005,632.9765210908798,0.0,0.2319089711502258,2.7047282250863107,-0.94169079670381,-6.195074393917392,0
4.024,633.1658760402836,0.0,0.24274865228777287,2.7150840478357288,-0.9665669253885323,-6.242906168978899,0
4.028,633.3580434359043,0.0,0.25362941473904144,2.7252683210245503,-0.9916333795623444,-6.290238218390757,0
4.031999999999999,633.5530209069384,0.0,0.2645505664615335,2.735278339269549,-1.0168881760805988,-6.3370791063698615,0
4.035999999999999,633.7508061995899,0.0,0.27551140709450195,2.7451126246826587,-1.0423293739940647,-6.38344129614713,0
4.039999999999998,633.9513974044237,0.0,0.2865112325846404,2.754770786109855,-1.0679550893187209,-6.429340741106559,0
4.043999999999998,634.1547931674404,0.0,0.2975493392656574,2.7642533869153105,-1.0937635082223522,-6.474796502276117,0
4.047999999999997,634.3609928854274,0.0,0.30862502742682807,2.7735618217391558,-1.1197528987356247,-6.5198303931895,0
4.051999999999997,634.5699968862906,0.0,0.31973760440694576,2.7826982024725653,-1.145921621098143,-6.564466652545856,0
4.0559999999999965,634.7818065951867,0.0,0.3308863872507928,2.791665253541639,-1.1722681368507004,-6.608731644594127,0
4.059999999999996,634.996424687363,0.0,0.34207070496532666,2.800466216470355,-1.1987910167837565,-6.652653586754031,0
4.063999999999996,635.2138552286717,0.0,0.3532899004124914,2.8091047636009083,-1.2254889478495574,-6.696262303649623,0
4.067999999999995,635.4341038047663,0.0,0.36454333187491983,2.8175849207849635,-1.2523607391414213,-6.739589006465588,0
4.071999999999995,635.6571776400011,0.0,0.3758303743299578,2.8259109988196163,-1.2794053270389831,-6.782666096332043,0
4.075999999999994,635.8830857070616,0.0,0.38715042046653636,2.8340875333850786,-1.3066217796126285,-6.825526990291715,0
4.079999999999994,636.1118388283373,0.0,0.3985028814783931,2.842119233245418,-1.3340093003743974,-6.868205968295071,0
4.083999999999993,636.3434497700272,0.0,0.4098871876662429,2.850010936497457,-1.361567231456215,-6.9107380395957,0
4.087999999999993,636.5779333299313,0.0,0.42130278888076944,2.857767574694966,-1.389295056289722,-6.953158826872012,0
4.0919999999999925,636.8153064198458,0.0,0.43274915483763365,2.865394144734686,-1.4171924018552087,-6.995504466374414,0
4.095999999999992,637.0555881434266,0.0,0.44422577533550367,2.8728956884671724,-1.4452590405603392,-7.037811522382617,0
4.099999999999992,637.2987998703379,0.0,0.4557321604080329,2.8802772800890417,-1.4734948918024457,-7.080116914248872,0
4.103999999999991,637.5449653074451,0.0,0.4672678404412345,2.8875440214846284,-1.50190002326128,-7.122457854293699,0
4.107999999999991,637.7941105677488,0.0,0.47883236628860004,2.894701045815562,-1.5304746519621482,-7.16487179480508,0
4.11199999999999,638.0462642376967,0.0,0.4904253094177946,2.901753529808172,-1.5592191451422899,-7.207396382364524,0
4.11599999999999,638.3014574434366,0.0,0.502046262124896,2.908706715363456,-1.588134020946189,-7.250069417678335,0
4.1199999999999894,638.5597239165057,0.0,0.5136948378550734,2.9155659413157498,-1.6172199489680867,-7.292928819024206,0
4.123999999999989,638.8211000593702,0.0,0.525370671672313,2.922336686398118,-1.6464777506522132,-7.33601258732614,0
4.127999999999989,639.0856250111412,0.0,0.5370734209255694,2.929024624739531,-1.675908399553082,-7.379358770738707,0
4.131999999999988,639.3533407137029,0.0,0.548802766164652,2.9356356955264764,-1.7055130214493435,-7.423005426448214,0
4.135999999999988,639.6242919783763,0.0,0.5605584123663228,2.942176188816027,-1.735292894295128,-7.4669905771767455,0
4.139999999999987,639.8985265531264,0.0,0.5723400905398677,2.9486528498954456,-1.765249447982221,-7.511352159597627,0
4.143999999999987,640.1760951901775,0.0,0.5841475597918873,2.9550730050527267,-1.7953842638745563,-7.556127961529836,0
4.147999999999986,640.4570517137436,0.0,0.595980609942572,2.961444712160994,-1.8256990740632215,-7.601355544365818,0
4.151999999999986,640.7414530873918,0.0,0.6078390648005225,2.9677769400953813,-1.856195760274991,-7.647072146693603,0
4.1559999999999855,641.0293594803397,0.0,0.6197227862206418,2.974079781701399,-1.8868763523501517,-7.6933145644918435,0
4.159999999999985,641.3208343317262,0.0,0.6316316790900522,2.9803647058247322,-1.9177430261855353,-7.7401190025982824,0
4.163999999999985,641.615944411597,0.0,0.6435656974107431,2.9866448547971207,-1.9487981010159885,-7.787520891373346,0
4.167999999999984,641.914759876986,0.0,0.655524851675203,2.992935394749566,-1.9800440358814466,-7.835554661600225,0
4.171999999999984,642.2173543210629,0.0,0.6675092177628024,2.999253927183106,-2.0114834250970244,-7.884253469686717,0
4.175999999999983,642.5238048128277,0.0,0.679518947620732,3.0056209713472155,-2.0431189925097186,-7.93364886417851,0
4.179999999999983,642.8341919242808,0.0,0.6915542820336782,3.0120605281174715,-2.0749535842871474,-7.983770383490385,0
4.183999999999982,643.1485997413558,0.0,0.703615565831484,3.018600737162851,-2.1069901599411818,-8.034645073665738,0
4.187999999999982,643.4671158541879,0.0,0.7157032659331968,3.025274640148599,-2.139231781242497,-8.08629691397351,0
4.1919999999999815,643.7898313215,0.0,0.72781799267824,3.032121063383089,-2.17168159863167,-8.13874613737837,0
4.195999999999981,644.116840603041,0.0,0.7399605249497441,3.0391856334697893,-2.2043428346797125,-8.192008432570644,0
4.199999999999981,644.4482414531378,0.0,0.7521318396482073,3.046521938863236,-2.2372187640980847,-8.246094014596475,0
4.20399999999998,644.7841347675705,0.0,0.7643331461220058,3.0541928483319722,-2.2703126897488453,-8.30100655257417,0
4.20799999999998,645.1246243752506,0.0,0.7765659261986322,3.0622719936413527,-2.3036279140650233,-8.356741946044695,0
4.211999999999979,645.4698167656703,0.0,0.7888319804782817,3.070845417555599,-2.3371677052673174,-8.413286946873932,0
4.215999999999979,645.8198207430095,0.0,0.8011334815378888,3.080013378602658,-2.370935257766808,-8.470617632182648,0
4.219999999999978,646.1747469983551,0.0,0.8134730346327537,3.0898922898357646,-2.4049336461892494,-8.528697746606506,0
4.223999999999978,646.5347075930565,0.0,0.8258537463539106,3.100616748789956,-2.4391657725644222,-8.587476950539555,0
4.2279999999999776,646.899815349211,0.0,0.8382793014764438,3.1123415886301986,-2.473634306418532,-8.64688903624489,0
4.231999999999977,647.2701831481743,0.0,0.8507540478856725,3.1252438449028968,-2.5083416178190685,-8.706850207109236,0
4.235999999999977,647.6459231453828,0.0,0.8632830889594594,3.139524487572193,-2.5432897038844793,-8.76725755778175,0
4.239999999999976,648.0271459202664,0.0,0.875872382079038,3.155409714363463,-2.5784801099222143,-8.827987944512378,0
4.243999999999976,648.4139595941241,0.0,0.888528841005364,3.1731515407949167,-2.6139138472322117,-8.888897494151243,0
4.247999999999975,648.8064689667938,0.0,0.9012604386731624,3.193027359302252,-2.649591310731914,-8.94982206292132,0
4.251999999999975,649.2047747445498,0.0,0.9140763055268373,3.215338083000596,-2.6855122009234176,-9.010579014545808,0
4.2559999999999745,649.6089729558806,0.0,0.9269868169003388,3.2404044521146815,-2.7216754562937133,-9.070970729273052,0
4.259999999999974,650.0191546764944,0.0,0.9400036612395333,3.2685610813553105,-2.758079203915866,-9.130790263316996,0
4.263999999999974,650.4354062065098,0.0,0.9531398793759607,3.300147887230368,-2.794720737623736,-9.189829530262976,0
4.267999999999973,650.8578098562878,0.0,0.9664098638751746,3.335498679398015,-2.831596534394116,-9.247890248355803,0
4.271999999999973,651.2864454965638,0.0,0.9798293070801662,3.3749269489369347,-2.868702320126861,-9.304797670333144,0
4.275999999999972,651.7213930070561,0.0,0.9934150872828162,3.418709244404788,-2.9060331954461436,-9.36041677793404,0
4.279999999999972,652.1627357105659,0.0,1.0071850848930275,3.4670669750384873,-2.943583830046034,-9.414670196469803,0
4.283999999999971,652.6105648053245,0.0,1.021157924806019,3.520147967236086,-2.981348730184868,-9.46755661298385,0
4.287999999999971,653.064984711288,0.0,1.0353526473814973,3.578009537520319,-3.019322578168145,-9.519168046883745,0
4.2919999999999705,653.5261191375689,0.0,1.0497883181226015,3.6406051185178696,-3.0575006354104914,-9.569704033712298,0
4.29599999999997,653.9941175760408,0.0,1.064483594387596,3.7077764692675084,-3.09587919274891,-9.619480753819268,0
4.29999999999997,654.4691618515476,0.0,1.0794562749932908,3.7792531389222814,-3.1344560443089726,-9.668933449212807,0
4.303999999999969,654.9498820169081,0.0,1.0947228639096593,3.854660129476317,3.109954351362944,-9.718611135857062,0
4.307999999999969,655.4361736944455,0.0,1.1102981811067458,3.933533710587973,3.070979211096846,-9.76916355508882,0
4.311999999999968,655.9283395443141,0.0,1.1261950512561079,4.015344257197731,3.031798904933545,-9.821321350505825,0
4.315999999999968,656.4267337693276,0.0,1.1424240944922346,4.099524031629324,2.9924054519295034,-9.875871392796416,0
4.319999999999967,656.9317642064568,0.0,1.158993633760776,4.185497218308227,2.9527876560697344,-9.933629806516109,0
4.323999999999967,657.443893431921,0.0,1.1759097220361419,4.272709360680102,2.9129310428794835,-9.995415456610065,0
4.3279999999999665,657.9636391444453,0.0,1.1931762817490998,4.360653650470278,2.8728178968897797,-10.062026414381783,0
4.331999999999966,658.4915741598812,0.0,1.210795339784994,4.448892175426553,2.832427383938956,-10.13422133319938,0
4.335999999999966,659.0283263732872,0.0,1.2287673354902964,4.537071073319447,2.791735736102048,-10.212706881241425,0
4.339999999999965,659.5745790294095,0.0,1.2470914766354753,4.624929386815873,2.750716474078377,-10.298131574498075,0
4.343999999999965,660.1310716024411,0.0,1.265766118941361,4.712302122261635,2.7093406419207753,-10.391085669198132,0
4.347999999999964,660.6986015354178,0.0,1.284789147845249,4.799118503979277,2.667577031388795,-10.492106292642319,0
4.351999999999964,661.2780270410715,0.0,1.304158345727764,4.885396666664385,2.62539237707254,-10.601686738366306,0
4.3559999999999635,661.8702711282618,0.0,1.323871732940141,4.971236072353233,2.5827515078898706,-10.720288801787614,0
4.359999999999963,662.4763269962796,0.0,1.3439278759439794,5.056808831926247,2.5396174448903324,-10.84835713551438,0
4.363999999999963,663.0972649354019,0.0,1.3643261602262235,5.142350916859463,2.4959514390088238,-10.986334801519165,0
4.367999999999962,663.7342408862179,0.0,1.3850670291438654,5.228154019739876,2.4517129452272286,-11.134679438980537,0
4.371999999999962,664.3885068418814,0.0,1.4061521924397873,5.314558602225218,2.4068595314299763,-11.293879713678741,0
4.375999999999961,665.0614233262121,0.0,1.4275848099372013,5.401948481493516,2.361346721108891,-11.464471944190066,0
4.379999999999961,665.7544742469825,0.0,1.449369657021542,5.490747162589249,2.315127769078913,-11.64705700163148,0
4.38399999999996,666.4692845096469,0.0,1.4715132791387795,5.581416026965203,2.268153368623789,-11.842317753116067,0
4.38799999999996,667.2076408857952,0.0,1.4940241428596472,5.674454433988452,2.2203712871011803,-12.051037470759319,0
4.3919999999999595,667.9715167684569,0.0,1.5169127912438256,5.770401776859576,2.171725925066795,-12.274119768407726,0
4.395999999999959,668.7631016214415,0.0,1.5401920114285979,5.869841551693503,2.122157791447858,-12.512610769950909,0
4.399999999999959,669.5848361539852,0.0,1.563877022683549,5.973407543992964,2.0716028841739416,-12.767724370360664,0
4.403999999999958,670.4394545414884,0.0,1.587985693723752,6.0817923079236715,2.0199919618646547,-13.04087163918243,0
4.407999999999958,671.3300353906983,0.0,1.612538798960312,6.195758210549457,1.9672496875191925,-13.333695653782112,0
4.411999999999957,672.2600636446133,0.0,1.6375603246952295,6.316151437957478,1.9132936194162582,-13.648113356812832,0
4.415999999999957,673.2335062820644,0.0,1.663077838158955,6.4439195181349165,1.8580330172882924,-13.986366433689959,0
4.419999999999956,674.2549055498014,0.0,1.6891229348910102,6.580133114363295,1.8013674228475267,-14.351083730863595,0
4.423999999999956,675.329494655379,0.0,1.7157317834603667,6.72601309295635,1.743184962350714,-14.745358418907006,0
4.4279999999999555,676.463342465021,0.0,1.7429457911400057,6.882964181797252,1.6833603043870191,-15.17284398316122,0
4.431999999999955,677.6635359556959,0.0,1.7708124201604463,7.052616920803167,1.6217521876099887,-15.637874230589004,0
4.435999999999955,678.9384121894498,0.0,1.7993861918624035,7.236880061749282,1.5582004097773385,-16.14561383861971,0
4.439999999999954,680.2978557100552,0.0,1.8287299256925067,7.438006073808422,1.4925221403993305,-16.70224746304007,0
4.443999999999954,681.7536828827964,0.0,1.8589162715429275,7.6586728522822485,1.4245073843732534,-17.315216785656833,0
4.447999999999953,683.3201422145677,0.0,1.8900296067396098,7.90208484297013,1.3539133850058285,-17.99351535161656,0
4.451999999999953,685.0145693609164,0.0,1.9221683806100636,8.172095930696821,1.280457718602566,-18.74804873671211,0
4.455999999999952,686.8582469080587,0.0,1.9554479934688622,8.473353075186845,1.2038098180712495,-19.592058072483457,0
4.459999999999952,688.8775294579218,0.0,1.9900042770223294,8.811450330400477,1.123580716121662,-20.541578076974435,0
4.463999999999952,691.1052951977231,0.0,2.0259975620602866,9.193059691350951,1.0393110290467718,-21.615833431191476,0
4.467999999999951,693.5827508140857,0.0,2.0636170910099736,9.625950638301179,0.9504578611195882,-22.83731798516554,0
4.471999999999951,696.3614807951309,0.0,2.103084965286129,10.118686212858272,0.8563829623170385,-24.230937382562114,0
4.47599999999995,699.505229574422,0.0,2.144657494548632,10.67951253269679,0.7563483454872895,-25.820797592213918,0
4.47999999999995,703.0898607283158,0.0,2.1886189024811706,11.313409259462025,0.649534135852825,-27.621596842098732,0
4.483999999999949,707.1975627330838,0.0,2.2352564710132334,12.015340248746016,0.5351107716354342,-29.61881808698209,0
4.487999999999949,711.8971489464211,0.0,2.2847964876852735,12.756969373832373,0.4124265199334616,-31.729574455150406,0
4.4919999999999485,717.1992793400109,0.0,2.337272483629789,13.46676023470964,0.28139501548240986,-33.7436948386039,0
4.495999999999948,722.9889658649204,0.0,2.3923202532392622,14.017762866563286,0.1431003811848548,-35.28711211662143,0
4.499999999999948,728.9881161636953,0.0,2.4490018202574895,14.261768034915496,0.00031955176090292525,-35.92202579468818,0
4.503999999999947,734.832333565569,0.0,2.5058996834207328,14.125002197496283,-0.1427516748108033,-35.42934873978238,0
4.507999999999947,740.2300491515035,0.0,2.5615765230296574,13.672109427170302,-0.2818523960890964,-33.997958839298036,0
4.511999999999946,745.049478225704,0.0,2.615050640815891,13.048918770320032,-0.4140576999142773,-32.05578034992778,0
4.515999999999946,749.2886070692019,0.0,2.6659166425898704,12.38529704239125,-0.5381326151404302,-29.98316077049753,0
4.519999999999945,753.0086973669156,0.0,2.7141817829021413,11.756761921947652,-0.6540482504672802,-28.00011717251343,0
4.523999999999945,756.2879137491029,0.0,2.7600604458674987,11.194727576203988,-0.7623765034230949,-26.197003997472386,0
4.5279999999999445,759.2000735623635,0.0,2.803838119136863,10.706248415103316,-0.8638908495072855,-24.592852266279795,0
4.531999999999944,761.8078923154102,0.0,2.8458037328153303,10.287635564139304,-0.9593687003288629,-23.175423525197044,0
4.535999999999944,764.1624281944347,0.0,2.88622252975966,9.931505781302628,-1.0495127475146617,-21.921847667876566,0
4.539999999999943,766.3046022270102,0.0,2.9253284695124755,9.629918932695038,-1.1349293546602226,-20.80775235817111,0
4.543999999999943,768.2671164879039,0.0,2.9633248504774414,9.375594343848483,-1.2161307750863024,-19.810767973287852,0
4.547999999999942,770.0761940597687,0.0,3.000387847814821,9.162272299548722,-1.2935457118107436,-18.911545984642814,0
4.551999999999942,771.7529991887824,0.0,3.036670687991986,8.984725299205158,-1.3675316166585993,-18.093769147454335,0
4.555999999999941,773.3147482585314,0.0,3.0723075690769335,8.838643129430123,-1.4383861836501026,-17.343806573399842,0
4.559999999999941,774.7755646307802,0.0,3.107417038776827,8.720486185456593,-1.5063572444414106,-16.65028711316128,0
4.5639999999999405,776.1471080164063,0.0,-3.141080518072652,8.627343911759976,-1.5716509857453396,-16.0036967539601,0
4.56799999999994,777.437427881301,0.0,-3.1067193896610554,8.556810486007507,-1.6344386676019695,-15.396034080437063,0
4.57199999999994,778.6547418522081,0.0,-3.072598577767046,8.506879722548671,-1.694862090250119,-14.820528687864195,0
4.575999999999939,779.8060217061604,0.0,-3.0386391511852864,8.475857402944374,-1.7530380515843973,-14.27141669462545,0
4.579999999999939,780.8972325967223,0.0,-3.0047684555836582,8.462288190414741,-1.8090620061879328,-13.743764491905026,0
4.583999999999938,781.9335233213716,0.0,-2.9709192840690584,8.464894338042045,-1.8630111009770012,-13.23333190293652,0
4.587999999999938,782.9193791775663,0.0,-2.9370292733164263,8.482523855839572,-1.9149467291408797,-12.736466980918545,0
4.5919999999999375,783.8587459131858,0.0,-2.9030404911621766,8.514106362786146,-1.9649167154713112,-12.250025916542986,0
4.595999999999937,784.755131025327,0.0,-2.868899187551019,8.558615396102073,-2.0129572223492787,-11.771312637492798,0
4.599999999999937,785.6116869904478,0.0,-2.8345556846430853,8.615036434072648,-2.0590944458463483,-11.298033574633077,0
4.603999999999936,786.4312797679377,0.0,-2.799964384029753,8.682340290568872,-2.1033461547226864,-10.828263750612576,0
4.607999999999936,787.2165450030258,0.0,-2.7650838697258493,8.759461846805625,-2.14572311080428,-10.360420862664178,0
4.611999999999935,787.9699336908986,0.0,-2.7298770853032686,8.845284287561212,-2.1862303967553736,-9.89324444213675,0
4.615999999999935,788.6937486016279,0.0,-2.6943115626509275,8.938629094610224,-2.2248686663290336,-9.425777538869333,0
4.619999999999934,789.3901724681416,0.0,-2.65835967886785,9.038252013102936,-2.261635322707562,-8.957348751774207,0
4.623999999999934,790.0612887768849,0.0,-2.6219989172093,9.142845049429397,-2.296525622649792,-8.487552846999897,0
4.6279999999999335,790.709095944566,0.0,-2.585212108264699,9.251044297252518,-2.329533698077725,-8.016228691557787,0
4.631999999999933,791.3355156847663,0.0,-2.5479876290125816,9.36144305290536,-2.360653482727976,-7.54343378006,0
4.635999999999933,791.9423964334819,0.0,-2.510319540279802,9.472609317691546,-2.3898795297713065,-7.06941521854233,0
4.639999999999932,792.5315127804402,0.0,-2.472207647434427,9.583106447604536,-2.41720770692525,-6.594577606108621,0
4.643999999999932,793.1045619131552,0.0,-2.4336574746454325,9.691515456116326,-2.4426357584001543,-6.119448765249177,0
4.647999999999931,793.6631580990022,0.0,-2.3946801493218075,9.79645734892188,-2.4661637276457533,-5.6446446587360555,0
4.651999999999931,794.2088261922139,0.0,-2.35529219982514,9.896613897864157,-2.487794240718589,-5.17083505140244,0
4.65599999999993,794.7429950539545,0.0,-2.3155152755994273,9.990745447016105,-2.507532656452348,-4.698711507782436,0
4.65999999999993,795.2669916218458,0.0,-2.275375803888025,10.077704664268834,-2.5253870957356988,-4.228959167498898,0
4.6639999999999295,795.782036176689,0.0,-2.234904600751733,10.15644556396224,-2.5413683674135648,-3.762233440885792,0
4.667999999999929,796.2892391499707,0.0,-2.1941364559028536,10.2260275763678,-2.555489812121973,-3.2991423674704015,0
4.671999999999929,796.7895996182951,0.0,-2.1531097108845465,10.285614874083379,-2.5677670874569003,-2.8402349375717844,0
4.675999999999928,797.2840054594798,0.0,-2.1118658485121493,10.334471538394695,-2.5782179182069704,-2.3859952477718935,0
4.679999999999928,797.7732350134942,0.0,-2.070449108564336,10.371953430022488,-2.5868618340934084,-1.93684198870297,0
4.683999999999927,798.2579600067733,0.0,-2.028906140866379,10.397497804801258,-2.5937199148497285,-1.4931324769717986,0
4.687999999999927,798.7387494612656,0.0,-1.9872857025679735,10.410611787155613,-2.598814558909872,-1.0551702540273322,0
4.6919999999999265,799.2160743150687,0.0,-1.9456384019771242,10.410860795097157,-2.602169287847328,-0.6232151811486051,0
4.695999999999926,799.6903125211469,0.0,-1.90401648710046,10.397857918109253,-2.6038085943787337,-0.19749494942171858,0
4.699999999999926,800.1617544538925,0.0,-1.8624736733120493,10.371255103313128,-2.603757837513669,0.2217830205464852,0
4.703999999999925,800.6306085290548,0.0,-1.8210650015051293,10.33073682335265,-2.60204318452627,0.6344202104019064,0
4.707999999999925,801.0970070201722,0.0,-1.7798467157916598,10.276016695599262,-2.598691596003057,1.0402169524931273,0
4.711999999999924,801.5610121245727,0.0,-1.7388761483616157,10.206837306657354,-2.5937308473870253,1.4389643246150698,0
4.715999999999924,802.022622386324,0.0,-1.698211598540496,10.122973276364874,-2.5871895782490633,1.8304384547469008,0
4.719999999999923,802.4817796160961,0.0,-1.6579121933825327,10.024237377394744,-2.579097359003164,2.2143975290107805,0
4.723999999999923,802.9383764547591,0.0,-1.6180377182969536,9.91048931675002,-2.5694847639508076,2.590581625492883,0
4.7279999999999225,803.3922647070411,0.0,-1.578648408173411,9.781646591894424,-2.558383439384947,2.958715329706428,0
4.731999999999922,803.843264524704,0.0,-1.5398046921666229,9.637696667234524,-2.5458261559816258,3.3185129289480497,0
4.735999999999922,804.2911744492367,0.0,-1.5015668885891174,9.478709588285161,-2.5318468358127966,3.669685838490663,0
4.739999999999921,804.7357822385085,0.0,-1.463994850064946,9.30485007382995,-2.5164805459563517,4.011951789628854,0
4.743999999999921,805.1768763090026,0.0,-1.4271475629869883,9.116388112057463,-2.499763452757872,4.345045215828679,0
4.74799999999992,805.614257535561,0.0,-1.3910827091289661,8.913707142550297,-2.4817327331814347,4.668728215891238,0
4.75199999999992,806.0477510748074,0.0,-1.3558562007037835,8.697309033643979,-2.4624264422169233,4.982801457469721,0
4.755999999999919,806.4772178264193,0.0,-1.3215217029551916,8.467815258013728,-2.441883337815675,5.287114412629635,0
4.759999999999919,806.9025651256335,0.0,-1.2881301602822468,8.225963914431485,-2.4201426671321933,5.581574387475404,0
4.7639999999999185,807.3237562747204,0.0,-1.255729342758574,7.972602519646718,-2.3972439197998234,5.866153913950996,0
4.767999999999918,807.7408185703756,0.0,-1.2243634296466936,7.708676776004986,-2.373226555438695,6.1408962037803505,0
4.771999999999918,808.1538495635781,0.0,-1.1940726451522963,7.435215781326561,-2.3481297135063883,6.4059185096573525,0
4.775999999999917,808.5630213904346,0.0,-1.1648929593463215,7.15331436383567,-2.3219919139288443,6.661413383898365,0
4.779999999999917,808.9685831265423,0.0,-1.1368558641214754,6.864113378407407,-2.2948507567169507,6.907647957437985,0
4.783999999999916,809.3708612323048,0.0,-1.1099882305186846,6.5687788808635945,-2.2667426280532936,7.1449614723411,0
4.787999999999916,809.7702582620524,0.0,-1.084312250055909,6.268481103022307,-2.237702419227741,7.373761382449356,0
4.791999999999915,810.1672500973675,0.0,-1.0598454591039648,5.964374089340129,-2.2077632634315307,7.594518386748674,0
4.795999999999915,810.5623820292177,0.0,-1.036600842128312,5.657576739293051,-2.1769562939126494,7.807760779509404,0
4.799999999999915,810.9562640520109,0.0,-1.0145870069389105,5.34915584502313,-2.145310425465375,8.014068494072836,0
4.803999999999914,811.3495657462004,0.0,-0.9938084230772226,5.040111539384662,-2.112852159769634,8.21406718910379,0
4.807999999999914,811.743011117654,0.0,-0.9742657131648791,4.731365392403512,-2.079605413781472,8.408422683837735,0
4.811999999999913,812.1373737364302,0.0,-0.9559559864235041,4.423751228517154,-2.045591369248246,8.597835998919276,0
4.815999999999913,812.5334724804503,0.0,-0.9388732035819949,4.118008593142196,-2.01082834049933,8.783039207728276,0
4.819999999999912,812.932168146504,0.0,-0.9230085629148199,3.814778681340047,-1.975331656942764,8.964792254350389,0
4.823999999999912,813.3343611472919,0.0,-0.9083508980847412,3.5146024560037086,-1.939113556160855,9.143880851997045,0
4.8279999999999115,813.7409904731945,0.0,-0.8948870796745005,3.2179206272988474,-1.9021830831132291,9.321115541875479,0
4.831999999999911,814.1530340645531,0.0,-0.8826024136714636,2.9250751360028233,-1.8645459906874926,9.497331968314853,0
4.835999999999911,814.5715107169298,0.0,-0.8714810316191013,2.636311776438421,-1.826204636646473,9.673392411568509,0
4.83999999999991,814.9974836296465,0.0,-0.8615062685909258,2.351783604826394,-1.787157871868292,9.850188614713817,0
4.84399999999991,815.4320657078823,0.0,-0.8526610265181773,2.071554801033388,-1.7474009146254197,10.02864594462796,0
4.847999999999909,815.8764267412722,0.0,-0.8449281216731777,1.7956046812904902,-1.7069252054692292,10.209728938034129,0
4.851999999999909,816.3318026076848,0.0,-0.8382906162542128,1.5238315926830635,-1.6657182370500045,10.394448300788502,0
4.855999999999908,816.799506690058,0.0,-0.8327321350265713,1.256056454169552,-1.6237633528873623,10.583869450363913,0
4.859999999999908,817.2809437473876,0.0,-0.8282371688491068,0.9920257416958121,-1.5810395086979128,10.77912271589243,0
4.8639999999999075,817.7776265490116,0.0,-0.8247913676630212,0.7314137458441038,-1.5375209893803863,10.981415334347224,0
4.867999999999907,818.29119566521,0.0,-0.8223818261468381,0.4738239598245212,-1.493177074162272,11.192045401172003,0
4.871999999999907,818.8234429078956,0.0,-0.820997365751321,0.21878948539817805,-1.4479716417567623,11.412417941985664,0
4.875999999999906,819.3763390334126,0.0,-0.8206288172119258,-0.0342276215698567,-1.4018627067310945,11.644063257514883,0
4.879999999999906,819.9520664544159,0.0,-0.8212693078635205,-0.2858380989444471,-1.354801877775575,11.888657637763753,0
4.883999999999905,820.5530578555756,0.0,-0.8229145580940447,-0.5367282848136633,-1.3067337283868063,12.148046412134871,0
4.887999999999905,821.1820417581803,0.0,-0.8255631909185119,-0.7876638387431232,-1.2575950711230348,12.424269048245169,0
4.891999999999904,821.8420962089634,0.0,-0.8292170577760949,-1.0394940538382236,-1.2073141284857734,12.719585546474589,0
4.895999999999904,822.5367118333642,0.0,-0.8338815817790035,-1.2931561341287205,-1.1558095980737129,13.036502559871034,0
4.8999999999999035,823.2698654060232,0.0,-0.8395661162369983,-1.5496783100851501,-1.1029896184387766,13.377796266129907,0
4.903999999999903,824.04610469059,0.0,-0.8462843102423498,-1.8101798332931076,-1.0487506583111248,13.746526653514382,0
4.907999999999903,824.8706442951308,0.0,-0.8540544627541564,-2.075864524196803,-0.9929763804203873,14.146033949306632,0
4.911999999999902,825.7494701611427,0.0,-0.8628998292246983,-2.3480023237968695,-0.9355365800859623,14.579901466829286,0
4.915999999999902,826.6894461569452,0.0,-0.8728488160419126,-2.627889741752549,-0.8762863808392964,15.051858741661434,0
4.919999999999901,827.6984085761638,0.0,-0.8839349513117085,-2.9167745363194597,-0.8150660042065496,15.5655824664404,0
4.923999999999901,828.7852207525477,0.0,-0.8961964462382177,-3.2157216368701773,-0.751701646961024,16.124328048443747,0
4.9279999999999005,829.9597370130954,0.0,-0.9096750473343924,-3.5253857567910036,-0.6860083337565186,16.730290023696423,0
4.9319999999999,831.2325886812058,0.0,-0.9244137142430269,-3.8456424294897733,-0.6177961025248564,17.383547928795483,0
4.9359999999999,832.6146525972274,0.0,-0.9404524416445064,-4.175019126822626,-0.5468815264330011,18.080422121651708,0
4.939999999999899,834.1160021832084,0.0,-0.957821319838537,-4.509878643661837,-0.4731072580557729,18.811090849717356,0
4.943999999999899,835.7441075162836,0.0,-0.9765298462824603,-4.843375620663615,-0.39637256684484967,19.556516154815185,0
4.947999999999898,837.501134047359,0.0,-0.9965519081721332,-5.1643945109906815,-0.3166767083456641,20.285272052905555,0
4.951999999999898,839.3805413923296,0.0,-1.0178073369128278,-5.457026471672676,-0.23417268810677072,20.95189561130952,0
4.955999999999897,841.3639110269298,0.0,-1.0401439907926715,-5.701535862692358,-0.14922005070735622,21.49955188629237,0
4.959999999999897,843.4197754383225,0.0,-1.0633283036146892,-5.877722514074292,-0.06241357835800798,21.869703206940798,0
4.9639999999998965,845.5062728652982,0.0,-1.0870539761871036,-5.970422929699316,0.025440501622494338,22.018085139679492,0
4.967999999999896,847.5777905049468,0.0,-1.1109733810328137,-5.974821239271914,0.11341443817855179,21.93020283496608,0
4.971999999999896,849.5931225869007,0.0,-1.134744207707783,-5.898286521624327,0.2005934348750138,21.6267277796305,0
4.975999999999895,851.521553489496,0.0,-1.1580737972223254,-5.757464382247149,0.2862035421454614,21.155053347809122,0
4.979999999999895,853.3448960973897,0.0,-1.1807453851242826,-5.572683855663586,0.3696869666989393,20.57304106106814,0
4.983999999999894,855.0560687461382,0.0,-1.2026221606257046,-5.362928785224312,0.4507130073943024,19.934460483180388,0
4.987999999999894,856.6560489497512,0.0,-1.2236356360180132,-5.143131506597483,0.5291437308865028,19.281233672963303,0
4.991999999999893,858.1507638356495,0.0,-1.243767786128874,-4.92363209511571,0.6049820201829768,18.641985058355985,0
4.995999999999893,859.5486625175112,0.0,-1.2630337646949812,-4.710840369542294,0.6783217387302329,18.034058855568396,0
4.9999999999998925,860.8590980289393,0.0,-1.2814682164120548,-4.508265136791767,0.7493086357746535,17.46656231466617,0
5.003999999999892,862.0913696059857,0.0,-1.2991156413806522,-4.317466836442297,0.8181131624020956,16.943150940177805,0
5.007999999999892,863.2542193336841,0.0,-1.316024138715278,-4.138786058886348,0.8849131248033366,16.464139549676617,0
5.011999999999891,864.3556106311707,0.0,-1.3322416021530792,-3.9718469981541724,0.9498834127414391,16.02794776665438,0
5.015999999999891,865.4026683058618,0.0,-1.3478135574302534,-3.8158840570441743,1.0131904191841556,15.632027741941645,0
5.01999999999989,866.4017041996942,0.0,-1.3627820414661471,-3.669944228659166,1.0749894018292458,15.273431366594064,0
5.02399999999989,867.3582834306441,0.0,-1.3771851151599037,-3.533007498331688,1.1354236069345482,14.949141786256215,0
5.0279999999998894,868.2773059368727,0.0,-1.391056745610996,-3.404055219138726,1.194624399591703,14.656256967472858,0
5.031999999999889,869.1630898700892,0.0,-1.4044268923430074,-3.282106377870886,1.252711932868067,14.392083203822702,0
5.035999999999889,870.0194502179314,0.0,-1.4173216965580266,-3.166234510889885,1.309796074843181,14.154175335687974,0
5.039999999999888,870.8497698430075,0.0,-1.429763713258211,-3.055573254407797,1.3659774296700782,13.940346471370379,0
5.043999999999888,871.6570621661704,0.0,-1.441772151406468,-2.949315444600615,1.4213483607091746,13.748661065714662,0
5.047999999999887,872.4440257547013,0.0,-1.453363102799397,-2.8467087544071608,1.4759939671615356,13.577419633371404,0
5.051999999999887,873.2130915496484,0.0,-1.464549749693969,-2.7470496608681696,1.5299929913067416,13.425139938739381,0
5.055999999999886,873.9664636381573,0.0,-1.4753425468281165,-2.6496768091933327,1.5834186482851003,13.290537411549947,0
5.059999999999886,874.7061544919624,0.0,-1.4857493767925227,-2.5539644039307574,1.6363393786176594,13.172506272614235,0
5.0639999999998855,875.4340155331507,0.0,-1.4957756796791237,-2.459316004920479,1.6888195279497147,13.070102096124659,0
5.067999999999885,876.1517637965463,0.0,-1.505424559138838,-2.3651589692459387,1.740919960426929,12.982526082670443,0
5.071999999999885,876.861005357104,0.0,-1.5146968678043358,-2.2709397198883674,1.7926986126232052,12.909111046504881,0
5.075999999999884,877.5632560910334,0.0,-1.5235912757256962,-2.1761200139039274,1.8442109945953646,12.849308954157602,0
5.079999999999884,878.2599602446195,0.0,-1.5321043262105505,-2.080174415243962,1.895510643753422,12.802679740261828,0
5.083999999999883,878.9525071944192,0.0,-1.5402304844039207,-1.9825892445739608,1.9466495359591107,12.768881038536467,0
5.087999999999883,879.6422466936409,0.0,-1.5479621852241365,-1.8828633802477268,1.9976784566464438,12.747658379236466,0
5.091999999999882,880.3305028069716,0.0,-1.5552898890332223,-1.7805114239100082,2.0486473327672705,12.738835302688472,0
5.095999999999882,881.0185866329914,0.0,-1.5622021558224617,-1.6750699259466333,2.0996055239147395,12.742302708554769,0
5.0999999999998815,881.70780779069,0.0,-1.5686857519168633,-1.5661075953462142,2.1506020679322937,12.758006591218804,0
5.103999999999881,882.3994844934324,0.0,-1.5747258074430945,-1.4532406981507322,2.2016858725007324,12.785933094968888,0
5.107999999999881,883.0949518369063,0.0,-1.5803060482594837,-1.3361551739041075,2.2529058394130104,12.826089555757006,0
5.11199999999988,883.7955676727662,0.0,-1.5854091328629814,-1.2146373500657213,2.304310902307055,12.87847988777195,0
5.11599999999988,884.5027151136411,0.0,-1.5900171329811172,-1.0886154605148473,2.3559499514154467,12.943072353236312,0
5.119999999999879,885.2178003110974,0.0,-1.5941122058496369,-0.9582143753725655,2.40787161048436,13.019757492269438,0
5.123999999999879,885.942243675938,0.0,-1.5976775157371428,-0.8238258430379943,2.4601238218884873,13.108293921299046,0
5.127999999999878,886.6774622143073,0.0,-1.6006984703185125,-0.6861958291731497,2.512753187327057,13.20824006834526,0
5.131999999999878,887.4248402400115,0.0,-1.6031643407205038,-0.5465287537784654,2.5658040057328613,13.318871072585058,0
5.1359999999998776,888.1856855983377,0.0,-1.6050703270110844,-0.40660496144259617,2.619316951355078,13.439082555761958,0
5.139999999999877,888.9611690384737,0.0,-1.6064201054792875,-0.26890193217482716,2.673327349894258,13.567287389522429,0
5.143999999999877,889.7522459790594,0.0,-1.607228839752164,-0.1367011008665966,2.727863047903721,13.701318425756806,0
5.147999999999876,890.5595631620693,0.0,-1.6075265437374675,-0.014151097019339087,2.782941940199464,13.838359298253993,0
5.151999999999876,891.3833579324827,0.0,-1.6073615445312335,0.0937530475973088,2.8385693284400304,13.974935277210898,0
5.155999999999875,892.2233648020621,0.0,-1.6068036159290138,0.18132160189780383,2.8947354273480936,14.10700282898602,0
5.159999999999875,893.078750978473,0.0,-1.6059461727787259,0.2424932401817782,2.951413487959826,14.23017345096017,0
5.1639999999998745,893.948106496141,0.0,-1.6049068014418673,0.2713423484777252,3.008559115954224,14.340087131933352,0
5.167999999999874,894.8295113816298,0.0,-1.6038254469778401,0.26273152662504545,3.0661113496761025,14.432910262456245,0
5.171999999999874,895.7206891022187,0.0,-1.6028598630329753,0.2130051571061593,3.1239958571133837,14.505879811113365,0
5.175999999999873,896.6171962303018,0.0,-1.6021784595093749,0.12056891928842707,-3.1010551038894185,14.557772033625602,0
5.179999999999873,897.5158706890668,0.0,-1.6019513305174549,-0.01380307058231188,-3.0427546831895924,14.589167900845485,0
5.183999999999872,898.4148306581797,0.0,-1.6023407763127224,-0.18703038381894002,-2.984366000930832,14.602433890375577,0
5.187999999999872,899.3127877080935,0.0,-1.6034928145419975,-0.3941474577413211,-2.925954294162704,14.601421592509855,0
5.191999999999871,900.2091588296885,0.0,-1.6055309167825307,-0.6289695804036453,-2.8675672282810893,14.590973453892707,0
5.195999999999871,901.1040892608487,0.0,-1.6085526206356207,-0.88483577182837,-2.8092320486933424,14.576366049540153,0
5.1999999999998705,901.998403303198,0.0,-1.6126289999128254,-1.1552730512077494,-2.7509548740818577,14.562813249982966,0
5.20399999999987,902.893510883311,0.0,-1.6178064607952969,-1.4344848866015387,-2.6927217205618845,14.555105637864655,0
5.20799999999987,903.7912978057287,0.0,-1.6241100826436643,-1.7176354471385202,-2.634500651021277,14.55740814274293,0
5.211999999999869,904.6940212918948,0.0,-1.6315477209122555,-2.0009532734095044,-2.576244444240718,14.573197114465495,0
5.215999999999869,905.6042239945298,0.0,-1.640114243943028,-2.2817035745942915,-2.5178932996135757,14.60529845826464,0
5.219999999999868,906.5246723171203,0.0,-1.6497954850272336,-2.558081815873538,-2.4593772555626217,14.65598636883045,0
5.223999999999868,907.4583198392427,0.0,-1.6605716860639568,-2.829072096692475,-2.400618148200472,14.72710989244866,0
5.227999999999867,908.4082939597155,0.0,-1.67242035685425,-3.094300520075073,-2.341531046596039,14.820225265408682,0
5.231999999999867,909.3779029552184,0.0,-1.685318569423874,-3.353901444842509,-2.2820251689911366,14.936721742793592,0
5.2359999999998665,910.3706608596399,0.0,-1.6992447587235837,-3.6084052740235486,-2.2220043179873343,15.077935917908905,0
5.239999999999866,911.3903283872947,0.0,-1.714180122719231,-3.8586504631950147,-2.161366882448778,15.245254285282265,0
5.243999999999866,912.4409692328115,0.0,-1.7301097182217653,-4.105719106782446,-2.10000544874139,15.44020658778762,0
5.247999999999865,913.5270223302203,0.0,-1.7470233427806718,-4.350893974592378,-2.0378060504302606,15.664553996672494,0
5.251999999999865,914.6533920130568,0.0,-1.7649162834948875,-4.595634536370358,-1.9746470675850514,15.920376986364182,0
5.255999999999864,915.8255595398251,0.0,-1.7837900042397337,-4.841569838407954,-1.9103977662668328,16.210168314589982,0
5.259999999999864,917.0497212524275,0.0,-1.8036528355418682,-5.090506776416271,-1.8449164460131549,16.536937100501056,0
5.2639999999998635,918.3329608967701,0.0,-1.8245207271981663,-5.344453174814842,-1.7780481376323234,16.904330814443753,0
5.267999999999863,919.683466603347,0.0,-1.8464181232948285,-5.605656057512348,-1.7096217640997455,17.31678319858478,0
5.271999999999863,921.1108070442203,0.0,-1.8693790229126641,-5.876656552593557,-1.639446642067794,17.779697825263785,0
5.275999999999862,922.6262868214487,0.0,-1.8934482978023972,-6.1603639953952785,-1.5673081584505617,18.299679189301035,0
5.279999999999862,924.2434088288431,0.0,-1.9186833508347902,-6.460152913766598,-1.4929624039641691,18.884825750823033,0
5.283999999999861,925.9784819472162,0.0,-1.9451562156840119,-6.779987463937619,-1.4161294831379152,19.545101538893977,0
5.287999999999861,927.8514267845799,0.0,-1.972956216954131,-7.124577882249555,-1.3364851526020054,20.292802924769674,0
5.29199999999986,929.8868505247176,0.0,-2.0021933244134758,-7.499570953733258,-1.2536503833527846,21.14313016448466,0
5.29599999999986,932.1154822893967,0.0,-2.0330023278990694,-7.911767266365588,-1.1671784465073447,22.114847408503906,0
5.2999999999998595,934.5760734155597,0.0,-2.065547887199834,-8.369332241939858,-1.076539310582774,23.230941315478624,0
5.303999999999859,937.3178420705437,0.0,-2.1000302673812286,-8.881902175145008,-0.9811018200003385,24.518998543824093,0
5.307999999999859,940.4033894701827,0.0,-2.1366909006500556,-9.460326360588319,-0.8801160410831805,26.01055598810225,0
5.311999999999858,943.9114940387612,0.0,-2.175815233409377,-10.115412061048547,-0.7727030407239113,27.737579906342983,0
5.315999999999858,947.9377018924864,0.0,-2.217726348732114,-10.854223070600055,-0.6578709694380489,29.7218219595409,0
5.319999999999857,952.5869585586346,0.0,-2.2627542894743833,-11.670982929489513,-0.5346015454928637,31.948340617466194,0
5.323999999999857,957.9455118701336,0.0,-2.3111508509171443,-12.52818045491443,-0.4020960163674392,34.310055711143605,0
5.327999999999856,964.0142146479242,0.0,-2.3629066347329086,-13.32775165526083,-0.26030906290364086,36.522536079668015,0
5.331999999999856,970.6112747791792,0.0,-2.4174674025880485,-13.897416395615013,-0.11078257585435303,38.08241626944079,0
5.3359999999998555,977.3415132999831,0.0,-2.4735305778747474,-14.055421772293016,0.042749862883793455,38.45626825282815,0
5.339999999999855,983.749042611219,0.0,-2.529288126617878,-13.753389242064648,0.195067641111617,37.50055016067334,0
5.343999999999855,989.534863985032,0.0,-2.5831182726096813,-13.123608564879955,0.34148890510402197,35.60108322799244,0
5.347999999999854,994.614120004969,0.0,-2.6340983525401533,-12.357522374598629,0.47937093701275835,33.315722641411284,0
5.351999999999854,999.0355651291975,0.0,-2.681981850117328,-11.591447334925356,0.6080364963279923,31.03927986783144,0
5.355999999999853,1002.8955548437414,0.0,-2.7269178734283024,-10.88986060959155,0.7279482479468555,28.955869436083546,0
5.359999999999853,1006.2927532622643,0.0,-2.769213469558398,-10.272182369736932,0.8400138370687333,27.118401639977805,0
5.363999999999852,1009.3122477553246,0.0,-2.8092057762232514,-9.737117693567411,0.9452152090381603,25.520131139986535,0
5.367999999999852,1012.0228964189619,0.0,-2.8472089828773193,-9.275943586485672,1.0444570767459567,24.13341142301081,0
5.371999999999852,1014.4791715898682,0.0,-2.8834981142073843,-8.878390117553478,1.1385223421740722,22.926669778859168,0
5.375999999999851,1016.7239652899734,0.0,-2.9183080953915272,-8.534877819597476,1.2280713318872323,21.870747684864593,0
5.379999999999851,1018.7911786609229,0.0,-2.9518381661053077,-8.237185317386981,1.3136559688444276,20.940703909396934,0
5.38399999999985,1020.7078124667886,0.0,-2.9842575339136843,-7.978501747982316,1.3957370714484032,20.1158665317338,0
5.38799999999985,1022.49557209236,0.0,-3.015710734562834,-7.753268882713732,1.4747004652365678,19.379305336582185,0
5.391999999999849,1024.1720769952742,0.0,-3.046322232245789,-7.556974732747997,1.5508706602628877,18.717186745599214,0
5.395999999999849,1025.7517681880422,0.0,-3.0762002053750805,-7.385957982237767,1.624522016148072,18.118177154232306,0
5.3999999999998485,1027.2465910949547,0.0,-3.1054396049261577,-7.237240989850902,1.6958877058219919,17.57294168124212,0
5.403999999999848,1028.6665127696822,0.0,-3.1341246060902748,-7.108393079714947,1.765166872270191,17.073740520831173,0
5.407999999999848,1030.0188746013646,0.0,3.1208547394386272,-6.99742034456753,1.8325303459687845,16.61411040857916,0
5.411999999999847,1031.3104271117497,0.0,3.093059711525129,-6.902676863657367,1.898125232674854,16.188615812793323,0
5.415999999999847,1032.5472519602017,0.0,3.065613521980641,-6.822792458400577,1.962078621579538,15.792655774098318,0
5.419999999999846,1033.7345737471442,0.0,3.0384591061607757,-6.756612800850492,2.0245006123577163,15.422314797906747,0
5.423999999999846,1034.8769090413148,0.0,3.01154367115652,-6.703148445909079,2.0854868183472757,15.074248701078153,0
5.427999999999845,1035.978186389181,0.0,2.984818127502166,-6.66153004684905,2.145120471094124,14.745598438574527,0
5.431999999999845,1037.0418441157235,0.0,2.9582366913085103,-6.630967617844544,2.2034742270845378,14.433926600044233,0
5.4359999999998445,1038.070911015433,0.0,2.9317566439887344,-6.610712254395902,2.2606117588258527,14.137172485092567,0
5.439999999999844,1039.0680737586424,0.0,2.9053382420376153,-6.600019255590107,2.3165891978274598,13.853622479916668,0
5.443999999999844,1040.0357338697625,0.0,2.8789447724401995,-6.598112154756022,2.371456484936953,13.581892906018412,0
5.447999999999843,1040.976056379755,0.0,2.8525427500316383,-6.604147791885702,2.4252586725071357,13.320922628397128,0
5.451999999999843,1041.8910116550144,0.0,2.8261022512100595,-6.6171832674233695,2.4780372117572007,13.069972534900286,0
5.455999999999842,1042.7824114227194,0.0,2.7995973735212587,-6.636146386359566,2.5298312463840436,12.828628589059209,0
5.459999999999842,1043.6519396322055,0.0,2.7730068026393973,-6.659811973748376,2.5806789192201673,12.5968046120545,0
5.463999999999841,1044.501178511555,0.0,2.746314457357464,-6.686787105293488,2.6306186822507893,12.374740413266776,0
5.467999999999841,1045.331630005914,0.0,2.719510170123332,-6.715508687539214,2.6796905820232215,12.162990564679548,0
5.4719999999998405,1046.1447327271383,0.0,2.6925903468752246,-6.744256751256039,2.72793747372142,11.962399238556166,0
5.47599999999984,1046.9418746017006,0.0,2.6655585376555386,-6.7711861143756025,2.7754061001958554,11.77405732559609,0
5.47999999999984,1047.7244015547412,0.0,2.6384258414892905,-6.794377631000341,2.8221479600568298,11.599239666375361,0
5.483999999999839,1048.4936227682865,0.0,2.6112110681971394,-6.811908117092976,2.8682198848647342,11.439322647779079,0
5.487999999999839,1049.250813237069,0.0,2.5839405885203988,-6.821935461593704,2.9136842523147592,11.295685409319205,0
5.491999999999838,1049.9972144477788,0.0,2.5566478232314793,-6.822792798455359,2.9586087815876834,11.169601026549467,0
5.495999999999838,1050.7340339769344,0.0,2.5293723509939703,-6.8130834382865695,3.003065888088143,11.062126700308275,0
5.4999999999998375,1051.4624446288822,0.0,2.5021586507845903,-6.791767030325705,3.0471316145507767,10.974003581312557,0
5.503999999999837,1052.1835834589685,0.0,2.4750545331351113,-6.758227494543956,3.090884198743291,10.90557694858653,0
5.507999999999837,1052.898550729334,0.0,2.448109349799701,-6.712314739782475,3.1344023782331636,10.856745864585925,0
5.511999999999836,1053.6065904736054,0.0,2.421372098303763,-6.654354908046656,-3.1054217437916734,10.826948313369838,0
5.515999999999836,1054.3083677489815,0.0,2.394889551913007,-6.585127463231813,-3.0621432814591802,10.815183664411784,0
5.519999999999835,1055.0048632569808,0.0,2.3687045445268673,-6.505811323056103,-3.0188780601729466,10.82006978106656,0
5.523999999999835,1055.69700923459,0.0,2.34285452385749,-6.417905805515898,-2.975562751797879,10.83992797319108,0
5.527999999999834,1056.3856866001827,0.0,2.3173704573970326,-6.323134861905119,-2.932141166274496,10.87288596742217,0
5.531999999999834,1057.0717224866353,0.0,2.292276138483402,-6.2233444832778195,-2.8885648068839256,10.91698761183508,0
5.5359999999998335,1057.7558888118235,0.0,2.267587899836208,-6.120403118674054,-2.8447929917949377,10.970298305531358,0
5.539999999999833,1058.4389024758032,0.0,2.24331470499148,-6.016113535068981,-2.8007925781942316,11.030996962939938,0
5.543999999999833,1059.1214275797258,0.0,2.219458558905295,-5.912142142737815,-2.7565373565420277,11.097448209927967,0
5.547999999999832,1059.8040797936887,0.0,2.196015160595838,-5.809968931430744,-2.712007201103937,11.16825182659108,0
5.551999999999832,1060.4874327308837,0.0,2.1729747138199684,-5.710858363818,-2.667187068455375,11.242269569892333,0
5.555999999999831,1061.172025973089,0.0,2.150322815176711,-5.615849296058568,-2.622065929954724,11.318631952879661,0
5.559999999999831,1061.8583742708317,0.0,2.1280413500353177,-5.525760491316634,-2.576635710498355,11.39672908584989,0
5.56399999999983,1062.5469774149967,0.0,2.1061093420590353,-5.441207603458851,-2.5308902879455015,11.476190293254648,0
5.56799999999983,1063.238330328294,0.0,2.0845037187732736,-5.362627514925795,-2.4848245888231997,11.55685707576693,0
5.5719999999998295,1063.932933027201,0.0,2.0631999712283466,-5.290306405884931,-2.4384337988119196,11.638753341580177,0
5.575999999999829,1064.6313002293102,0.0,2.0421726988422684,-5.224408685880785,-2.3917126925539254,11.722055940601942,0
5.579999999999829,1065.3339705047488,0.0,2.0213960403330447,-5.165004743603019,-2.344655077062882,11.807067606984871,0
5.583999999999828,1066.0415149790047,0.0,2.0008439982663084,-5.112096232876586,-2.2972533362977323,11.894193586504901,0
5.587999999999828,1066.7545456816092,0.0,1.9804906685639665,-5.0656382412615475,-2.249498060739967,11.983922565097652,0
5.591999999999827,1067.4737237002307,0.0,1.960310387941039,-5.025558157684497,-2.2013777443572273,12.076812040794712,0
5.595999999999827,1068.1997673462326,0.0,1.9402778122861406,-4.991771375230378,-2.1528785314261967,12.173477977881365,0
5.5999999999998264,1068.93346057085,0.0,1.9203679380313403,-4.964194159424927,-2.1039839967015013,12.27458841778752,0
5.603999999999826,1069.6756618965571,0.0,1.900556077010787,-4.9427541115244455,-2.054674943869639,12.380860660428274,0
5.607999999999826,1070.4273141513127,0.0,1.8808177935052655,-4.927398689685325,-2.0049292087706228,12.493061639855283,0
5.611999999999825,1071.1894553189538,0.0,1.861128810324093,-4.918102242819185,-1.9547214552763226,12.612011172812831,0
5.615999999999825,1071.9632308511714,0.0,1.8414648890132455,-4.914871981003459,-1.90402295284626,12.73858783862172,0
5.619999999999824,1072.7499078288863,0.0,1.8218016876631964,-4.917753265486555,-1.8528013255670874,12.87373734031089,0
5.623999999999824,1073.5508914168388,0.0,1.8021145983430422,-4.926834558873258,-1.8010202628935126,13.018483291255498,0
5.627999999999823,1074.3677441280993,0.0,1.782378564905656,-4.9422523365436195,-1.7486391823469756,13.173940462836892,0
5.631999999999823,1075.202208508418,0.0,1.762567880775915,-4.964196225354503,-1.6956128341162158,13.341330611984532,0
5.6359999999998225,1076.056233967257,0.0,1.742655965333352,-4.9929146043059065,-1.6418908368832499,13.522001077138622,0
5.639999999999822,1076.9320086261487,0.0,1.7226151166234196,-5.0287208706946185,-1.5874171333407823,13.717446377964354,0
5.643999999999822,1077.8319972277388,0.0,1.7024162373889418,-5.072000537675837,-1.5321293528936817,13.929333061709766,0
5.647999999999821,1078.758986349695,0.0,1.682028530852083,-5.123219273634955,-1.4759580681577154,14.15952797821215,0
5.651999999999821,1079.716138389382,0.0,1.661419162404325,-5.182931901008566,-1.4188259314505238,14.410129984640806,0
5.65599999999982,1080.7070560075672,0.0,1.6405528835857162,-5.251792209654905,-1.3606466781564759,14.683504690171484,0
5.65999999999982,1081.7358588964678,0.0,1.61939161583474,-5.330563152624783,-1.3013239867612985,14.982321094446608,0
5.663999999999819,1082.807274774114,0.0,1.5978939941347186,-5.42012648725772,-1.2407501924425022,15.309587584815294,0
5.667999999999819,1083.926746216118,0.0,1.5760148760299266,-5.521490044710831,-1.1788048657294157,15.668682279829907,0
5.6719999999998185,1085.1005539597986,0.0,1.5537048315174466,-5.635789291775243,-1.1153532956787746,16.063368367225472,0
5.675999999999818,1086.3359549856877,0.0,1.530909647404311,-5.764277250098801,-1.0502449680648214,16.497777590172248,0
5.679999999999818,1087.6413287735263,0.0,1.507569911490524,-5.908292444234829,-0.9833122197723334,16.97633227153198,0
5.683999999999817,1089.0263154569636,0.0,1.483620796651671,-6.069187247935627,-0.9143694081451335,17.50355492253013,0
5.687999999999817,1090.5019113998897,0.0,1.4589922572019205,-6.248187203013928,-0.8432132018289904,18.08367981073779,0
5.691999999999816,1092.0804549201694,0.0,1.4336100014659863,-6.446133778465291,-0.7696250421096709,18.719927324600217,0
5.695999999999816,1093.775378918392,0.0,1.4073978427956355,-6.663037887969379,-0.6933775236900823,19.413227052216335,0
5.699999999999815,1095.6005195444634,0.0,1.380282378237716,-6.897343969264583,-0.6142474694989044,20.160092343291375,0
5.703999999999815,1097.5686539536498,0.0,1.3522013752024193,-7.144795753802133,-0.5320397600585265,20.949319346166412,0
5.7079999999998146,1099.6888436128352,0.0,1.3231175845624499,-7.3968647394168485,-0.4466270120239715,21.757382448095143,0
5.711999999999814,1101.9622407560812,0.0,1.2930394071766358,-7.638972839786012,-0.3580094116070054,22.54318651205286,0
5.715999999999814,1104.3765992196522,0.0,1.262047812192332,-7.849355667106876,-0.26639312861607767,23.244644577295627,0
5.719999999999813,1106.9011363311286,0.0,1.230323810943382,-8.00026292276579,-0.17227080993264998,23.78206671262932,0
5.723999999999813,1109.4851712033,0.0,1.1981631902181036,-8.063348004093596,-0.07646524708945446,24.07383839447601,0
5.727999999999812,1112.0640173045606,0.0,1.1659611991521608,-8.018904196562548,0.01991466039106804,24.06343364297458,0
5.731999999999812,1114.5717345905896,0.0,1.1341597141037454,-7.864294489859969,0.11562778753036795,23.74410465024198,0
5.7359999999998115,1116.9548147429907,0.0,1.1031732014580733,-7.6153118677880975,0.20951669261355121,23.162818802980862,0
5.739999999999811,1119.1799267630288,0.0,1.0733266922037217,-7.299266198690223,0.30068803840947567,22.399916841041016,0
5.743999999999811,1121.2337756850468,0.0,1.044829565331849,-6.945157345864915,0.38858783684540565,21.540295973317782,0
5.74799999999981,1123.1180715935552,0.0,1.0177840946335976,-6.576790849875849,0.47297497999302784,20.653334100069255,0
5.75199999999981,1124.8435109615837,0.0,0.9922121926369911,-6.21048029370728,0.5538420012718639,19.786322309388908,0
5.755999999999809,1126.4249747332296,0.0,0.9680845340683568,-5.855795154347828,0.6313295219652781,18.966808940658098,0
5.759999999999809,1127.8784400917764,0.0,0.9453439902289844,-5.517387688508812,0.7056578766761357,18.208051637464937,0
5.763999999999808,1129.2192880152536,0.0,0.9239216521331954,-5.196756098567679,0.7770807392647852,17.51422910740471,0
5.767999999999808,1130.4615240133405,0.0,0.9037466515794073,-4.8935607947222675,0.8458570246739496,16.884307215686135,0
5.7719999999998075,1131.617522649061,0.0,0.8847516490091074,-4.606488985441474,0.912235482144192,16.314562792235602,0
5.775999999999807,1132.6980420843443,0.0,0.866875584259855,-4.333779326199402,0.9764472530755715,15.800104210290165,0
5.779999999999807,1133.7123611341226,0.0,0.8500648128414383,-4.073521552396975,1.0387030896154714,15.335731815350627,0
5.783999999999806,1134.6684596141877,0.0,0.8342733446978094,-3.8238173565540303,1.099193136391083,14.916393775816328,0
5.787999999999806,1135.573202515595,0.0,0.8194626177695064,-3.5828595590998544,1.1580880188410827,14.537405404345312,0
5.791999999999805,1136.4325102572823,0.0,0.8056010565968883,-3.348964920174793,1.2155405165506874,14.19453548290602,0
5.795999999999805,1137.2515085431016,0.0,0.792663555527767,-3.12058166801407,1.2716874232484754,13.88402092671287,0
5.799999999999804,1138.034656877309,0.0,0.78063096092351,-2.8962839875905515,1.326651384118943,13.602545130340022,0
5.803999999999804,1138.7858572761295,0.0,0.7694895892694049,-2.674760431785171,1.3805426087796544,13.34719986420334,0
5.8079999999998035,1139.508545641996,0.0,0.7592307969852783,-2.4548001271402775,1.4334604180672788,13.115441572024343,0
5.811999999999803,1140.2057684388753,0.0,0.7498506061307211,-2.2352788684811284,1.4854946148712802,12.905047749528869,0
5.815999999999803,1140.8802471378576,0.0,0.7413493840253231,-2.015146191999821,1.5367266855757862,12.714076166010305,0
5.819999999999802,1141.5344326026907,0.0,0.7337315716658885,-1.7934139627311618,1.5872308461611286,12.540828074264432,0
5.823999999999802,1142.1705512573149,0.0,0.727005454328129,-1.5691467203506815,1.63707494967439,12.383815684375781,0
5.827999999999801,1142.7906445674712,0.0,0.7211829670835321,-1.3414538865721402,1.6863212718820781,12.241733729553703,0
5.831999999999801,1143.3966030931667,0.0,0.7162795276772371,-1.1094838842584773,1.7350271907509551,12.11343474081782,0
5.8359999999998005,1143.9901961312535,0.0,0.7123138890297191,-0.872420215927169,1.7832457736737766,11.997907564351125,0
5.8399999999998,1144.573097764112,0.0,0.7093080033874841,-0.6294795765600417,1.8310262844446736,11.894258639331504,0
5.8439999999998,1145.1469099552335,0.0,0.7072868897631324,-0.3799121204154716,1.8784146200856426,11.80169557020268,0
5.847999999999799,1145.7131831782867,0.0,0.7062784957186246,-0.12300405673108789,1.925453685817148,11.71951255622883,0
5.851999999999799,1146.2734349258947,0.0,0.7063135437253258,0.1419171898952849,1.9721837147801322,11.64707727227322,0
5.855999999999798,1146.829166311017,0.0,0.707425351266469,0.41547495591284883,2.0186425375477297,11.583818822803613,0
5.859999999999798,1147.3818768411652,0.0,0.709649612529212,0.6982320932080155,2.06486580500745,11.529216413781487,0
5.863999999999797,1147.9330773079826,0.0,0.7130241279935845,0.9906760905452638,2.1108871667981095,11.482788404821738,0
5.867999999999797,1148.4843005871537,0.0,0.7175884665000609,1.2932001155984656,2.156738406175557,11.444081417654337,0
5.8719999999997965,1149.0371099828535,0.0,0.7233835425676887,1.6060795240657866,2.2024495309048246,11.412659190631462,0
5.875999999999796,1149.5931045759187,0.0,0.7304510899783452,1.9294434208804625,2.248048818572208,11.388090887695089,0
5.879999999999796,1150.1539208482607,0.0,0.7388330111698664,2.26324096577255,2.2935628136019517,11.369938602210645,0
5.883999999999795,1150.7212296659127,0.0,0.7485705811235839,2.607202321806411,2.3390162723269157,11.357743852942797,0
5.887999999999795,1151.2967275258243,0.0,0.7597034846602568,2.9607944887824664,2.3844320518302293,11.35101296707339,0
5.891999999999794,1151.882120834487,0.0,0.7722686680056547,3.3231727871620818,2.4298309381479797,11.349201404010929,0
5.895999999999794,1152.4791019312681,0.0,0.7862989899657506,3.693129507222745,2.475231410093942,11.351697318154406,0
5.899999999999793,1153.0893156537486,0.0,0.8018216660400235,4.069042248553599,2.520649336829691,11.357805014007567,0
5.903999999999793,1153.7143155399085,0.0,0.8188565113777599,4.44882575670795,2.5660976108427,11.366729432508668,0
5.9079999999997925,1154.3555093557384,0.0,0.8374140066683999,4.829892573570808,2.6115857237435165,11.37756342431018,0
5.911999999999792,1155.014094604571,0.0,0.8574932355354825,5.209129422477597,2.6571193007198834,11.389280277559447,0
5.915999999999792,1155.690986061223,0.0,0.8790797726741246,5.5828976834721065,2.702699620797345,11.400734675093652,0
5.919999999999791,1156.3867391516276,0.0,0.9021436373541292,5.947067149909113,2.748323163892193,11.41067577139951,0
5.923999999999791,1157.1014750161228,0.0,0.926637463481562,6.2970919078120176,2.793981240695527,11.417776117365992,0
5.92799999999979,1157.8348150359652,0.0,0.9524950691003724,6.628134979121764,2.839659775086824,11.420679365266624,0
5.93199999999979,1158.5858339797032,0.0,0.9796306264392065,6.935243771171583,2.8853393170156867,11.418067727526536,0
5.9359999999997894,1159.353041141507,0.0,1.0079386283323615,7.213571259191374,2.9309953615942295,11.408746909776445,0
5.939999999999789,1160.134397350211,0.0,1.0372948090250418,7.458628866311298,2.97659903273229,11.391741977770971,0
5.943999999999789,1160.9273722678745,0.0,1.0675581026464371,7.666547878178941,3.022118154514004,11.366393210034044,0
5.947999999999788,1161.7290412405393,0.0,1.0985736152105972,7.834319473699462,3.0675186826940077,11.33243780894153,0
5.951999999999788,1162.5362150129645,0.0,1.1301764608725762,7.959981759185618,3.1127664101462527,11.29006288480565,0
5.955999999999787,1163.3447741301197,0.0,1.1621961945301251,8.042727277449684,-3.125356500287823,11.239918326256875,0
5.959999999999787,1164.15001887837,0.0,1.1944614880123048,8.08291602148378,-3.0805084851408013,11.183084765791246,0
5.963999999999786,1164.9488869200422,0.0,1.226804667380744,8.081994385171075,-3.0358988348488527,11.121000213505072,0
5.967999999999786,1165.7386255635715,0.0,1.2590657616463865,8.042335591820283,-2.9915452348931653,11.055356603306587,0
5.9719999999997855,1166.5168804674565,0.0,1.2910957989199048,7.967027934665007,-2.9474582905905904,10.987982213434822,0
5.975999999999785,1167.2817486870895,0.0,1.3227592020048284,7.859641315836164,-2.903641215258933,10.920726582110014,0
5.979999999999785,1168.0317979158062,0.0,1.3539352544684107,7.724000133514056,-2.860089950257039,10.855361528746926,0
5.983999999999784,1168.766057323919,0.0,1.3845187074181382,7.56398352222043,-2.8167936337403012,10.79350669974893,0
5.987999999999784,1169.4839872187358,0.0,1.4144196636267523,7.383365069104496,-2.773735312592802,10.736582481932674,0
5.991999999999783,1170.1854350238525,0.0,1.4435629070564708,7.185695842200779,-2.7308927902462585,10.685788564448453,0
5.995999999999783,1170.8705842702645,0.0,1.4718868479065321,6.974228339126396,-2.6882395163190966,10.642103555529514,0
5.999999999999782,1171.539901919836,0.0,1.4993422354626134,6.751875232670253,-2.645745445258873,10.606299879561703,0
6.003999999999782,1172.1940878256617,0.0,1.5258907628359957,6.521195260941453,-2.6033778143862047,10.578968293767899,0
6.0079999999997815,1172.8340287484486,0.0,1.5515036567500822,6.284398653756399,-2.5611018127860588,10.560547247421965,0
6.011999999999781,1173.4607582283793,0.0,1.5761603168016443,6.043365440368364,-2.518881129256958,10.551353498449933,0
6.015999999999781,1174.07542279144,0.0,1.5998470446112663,5.799671315392429,-2.4766783794642895,10.55161158482845,0
6.01999999999978,1174.6792544215955,0.0,1.6225558847350747,5.55461709939237,-2.4344554199752864,10.561480749738468,0
6.02399999999978,1175.2735489028037,0.0,1.6442835858231568,5.309259028452185,-2.3921735608555754,10.581078679180113,0
6.027999999999779,1175.8596494701599,0.0,1.6650306814535831,5.064438068869183,-2.3497936899495033,10.610501935823896,0
6.031999999999779,1176.4389351564078,0.0,1.684800684374249,4.820807174315266,-2.3072763217141685,10.649843303037342,0
6.035999999999778,1177.0128132383034,0.0,1.7035993846391584,4.578855913614404,-2.2645815822120334,10.699206437415759,0
6.039999999999778,1177.582715247605,0.0,1.7214342405726164,4.338932240042623,-2.2216691400783075,10.758718312564952,0
6.0439999999997776,1178.1500960940016,0.0,1.738313851047387,4.101261389789908,-2.1784980912892644,10.828539958521707,0
6.047999999999777,1178.7164359396818,0.0,1.7542474977917237,3.8659620239120804,-2.1350268035591102,10.908875987667702,0
6.051999999999777,1179.2832445604784,0.0,1.769244747043917,3.633059793015728,-2.091212724285767,10.99998336845726,0
6.055999999999776,1179.852068023375,0.0,1.7833151006490198,3.4024985279944078,-2.0470121541870023,11.102179875303708,0
6.059999999999776,1180.4244976039574,0.0,1.7964676875084677,3.17414925817305,-2.002379987114533,11.215852614374038,0
6.063999999999775,1181.00218096122,0.0,1.8087109870669131,2.947817240280388,-1.9572694149774277,11.341467005461201,0
6.067999999999775,1181.5868356833732,0.0,1.8200525772019667,2.7232471543392918,-1.9116315952055196,11.479576592155388,0
6.0719999999997745,1182.1802654202427,0.0,1.8304988994429614,2.5001265899873246,-1.8654152766889693,11.630834057625322,0
6.075999999999774,1182.7843789297635,0.0,1.8400550348689215,2.278087911437133,-1.8185663785878967,11.796003842119502,0
6.079999999999774,1183.4012124931432,0.0,1.8487244843159694,2.05670855279765,-1.771027514760877,11.975976790926389,0
6.083999999999773,1184.032956301701,0.0,1.856508946658007,1.8355097588947795,-1.7227374547585603,12.171787307433277,0
6.087999999999773,1184.6819855957192,0.0,1.8634080889134097,1.6139537512255762,-1.6736305103186515,12.384633543329786,0
6.091999999999772,1185.3508975506888,0.0,1.8694193017825285,1.39143926613924,-1.6236358340420887,12.615901222806125,0
6.095999999999772,1186.0425551693422,0.0,1.8745374339539929,1.1672953862882176,-1.5726766144130884,12.86719176120804,0
6.099999999999771,1186.760139759982,0.0,1.8787544981702702,0.9407735735004648,-1.5206691485827581,13.140355384062525,0
6.103999999999771,1187.5072139735346,0.0,1.882059341689299,0.7110378238601526,-1.4675217714977724,13.437529947343277,0
6.1079999999997705,1188.2877978403867,0.0,1.884437273562238,0.47715292649989505,-1.4131336173323585,13.761186044064429,0
6.11199999999977,1189.1064607890992,0.0,1.885869641333123,0.2380709570377279,-1.3573931874156149,14.114178645185387,0
6.11599999999977,1189.9684332116844,0.0,1.8863333508407685,-0.0073835525247740175,-1.3001766991849857,14.499804763163795,0
6.119999999999769,1190.8797416754333,0.0,1.8858003256512355,-0.2605287234903999,-1.2413461954982075,14.921865080349315,0
6.123999999999769,1191.8473721598139,0.0,1.8842369088169342,-0.5228385518643341,-1.1807474071349748,15.384724494635028,0
6.127999999999768,1192.8794652657632,0.0,1.8816032221206456,-0.7959500164904538,-1.1182073918006887,15.893360928451376,0
6.131999999999768,1193.9855452656227,0.0,1.877852521422092,-1.0816561404969827,-1.053532033774391,16.453381419032997,0
6.135999999999767,1195.1767792561193,0.0,1.872930630579841,-1.3818704521619072,-0.9865036064311141,17.070965794738207,0
6.139999999999767,1196.4662498734203,0.0,1.8667756156917967,-1.6985366477786656,-0.9168788188862482,17.752664859494544,0
6.1439999999997665,1197.8691980947553,0.0,1.8593180027749199,-2.033437224599269,-0.8443881662551469,18.504921874371313,0
6.147999999999766,1199.4031391486012,0.0,1.8504820879038135,-2.3878217627168135,-0.7687381065229388,19.333088952800225,0
6.151999999999766,1201.087654281231,0.0,1.8401893008459318,-2.7617251472280544,-0.6896187818502244,20.239559941889564,0
6.155999999999765,1202.943488118136,0.0,1.8283652278257172,-3.152782383481319,-0.6067218968141912,21.220447488266974,0
6.159999999999765,1204.990325163432,0.0,1.8149527735121396,-3.554306651410596,-0.5197759815520984,22.26009759436583,0
6.163999999999764,1207.2423627860396,0.0,1.7999347414696025,-3.9525081662960275,-0.428608760258145,23.323027554421532,0
6.167999999999764,1209.7009037984,0.0,1.7833687026760856,-4.323290470785636,-0.33324545730562605,24.344464589117937,0
6.1719999999997635,1212.3444984030439,0.0,1.7654328018652805,-4.630454295898066,-0.2340399996939424,25.224710433921192,0
6.175999999999763,1215.1204937476982,0.0,1.7464699344516852,-4.829044148093525,-0.13180371105037292,25.838181811597536,0
6.179999999999763,1217.9456054838654,0.0,1.7270018548895436,-4.877295522597243,-0.02784964440797255,26.06734760994226,0
6.183999999999762,1220.7212223022902,0.0,1.7076815933427412,-4.754162202009775,0.07613949321690905,25.853049582525756,0
6.187999999999762,1223.358090578376,0.0,1.6891841578361486,-4.470247099555251,0.17842089432261643,25.225954545978414,0
6.191999999999761,1225.795641180747,0.0,1.672085547098817,-4.062172099717294,0.2775345403020353,24.290193760592715,0
6.195999999999761,1228.0065362417783,0.0,1.6567911087870577,-3.575617765774916,0.3725034164662464,23.174447291736968,0
6.19999999999976,1229.9895646367686,0.0,1.6435315064341225,-3.0504627706735876,0.46283945534204474,21.989460190241594,0
6.20399999999976,1231.759114943374,0.0,1.632401085214667,-2.5146626531220284,0.5484293103393898,20.811019686236186,0
6.2079999999997595,1233.3365634278816,0.0,1.6234058635922572,-1.9848463474334077,0.6293948700919705,19.682248895986135,0
6.211999999999759,1234.7449038988875,0.0,1.6165028816503266,-1.4694380615304337,0.7059805538287498,18.622953026467698,0
6.215999999999759,1236.0059856794987,0.0,1.6116266041848384,-0.9717541939376343,0.7784788474838926,17.63867254960152,0
6.219999999999758,1237.1393702330004,0.0,1.6087045371455133,-0.49225825088830905,0.8471871272319831,16.72716843561633,0
6.223999999999758,1238.1620506652198,0.0,1.607665548903391,-0.029985747869656965,0.9123853001951892,15.882448597639241,0
6.227999999999757,1239.0885753191922,0.0,1.6084437651895946,0.41662620740768147,0.9743258305187847,15.097058783967679,0
6.231999999999757,1239.9313291354383,0.0,1.6109799571197705,0.8492835115340365,1.033230592806083,14.363298705325956,0
6.235999999999756,1240.700851937464,0.0,1.6152215871204625,1.2695990802944392,1.0892912325625597,13.67381887099897,0
6.239999999999756,1241.406139965628,0.0,1.6211221817814163,1.678980149059956,1.1426711643159608,13.021877674975803,0
6.2439999999997555,1242.0549106095325,0.0,1.6286404019648621,2.078582668650071,1.1935082019857433,12.40142022828912,0
6.247999999999755,1242.6538260957702,0.0,1.63773900901392,2.4693011088563104,1.2419173062974158,11.807068896889785,0
6.251999999999755,1243.2086786879784,0.0,1.6483838303665657,2.8517762752361175,1.287993203617103,11.234074255729036,0
6.255999999999754,1243.7245424008245,0.0,1.6605427760643714,3.226411847911838,1.3318127746972017,10.678252067693178,0
6.259999999999754,1244.2058966785844,0.0,1.674184930390318,3.593394861821257,1.3734371863029207,10.135919194682312,0
6.263999999999753,1244.6567271029635,0.0,1.6892797291847543,3.952717815396207,1.4129137751549354,9.603834475207288,0
6.267999999999753,1245.0806075243465,0.0,1.7057962270510671,4.3042014107402435,1.4502777096783017,9.079146951015375,0
6.271999999999752,1245.4807673027844,0.0,1.7237024561712566,4.647517597271126,1.4855534603742093,8.559351935250305,0
6.275999999999752,1245.860146699256,0.0,1.7429648778386486,4.982212895697712,1.5187561095007887,8.042254478334316,0
6.279999999999752,1246.2214429041835,0.0,1.7635479279730042,5.3077320794601786,1.5498925279995408,7.5259393607683,0
6.283999999999751,1246.5671487282768,0.0,1.7854136581919704,5.62344227709371,1.5789624437382699,7.008746581944117,0
6.287999999999751,1246.899585598107,0.0,1.8085214741315099,5.9286574844154245,1.605959420938702,6.489251290088785,0
6.29199999999975,1247.2209321800858,0.0,1.8328279724630505,6.222663372472496,1.6308717665083963,5.966247141390178,0
6.29599999999975,1247.533249687646,0.0,1.8582868773782337,6.504742167074949,1.6536833750905604,5.438732150623299,0
6.299999999999749,1247.8385046962085,0.0,1.884849076206045,6.774197273336819,1.6743745210680316,4.90589618374208,0
6.303999999999749,1248.138590091172,0.0,1.9124627523454762,7.030377234792462,1.6929226025462905,4.367109336858279,0
6.3079999999997485,1248.4353446011264,0.0,1.9410736119301895,7.272698559087789,1.7093028395101282,3.821910542269335,0
6.311999999999748,1248.7305712200157,0.0,1.9706251987060668,7.500666915900439,1.7234889259049595,3.2699958390728425,0
6.315999999999748,1249.0260546984252,0.0,2.0010592896279924,7.713896219752453,1.7354536333370207,2.711205842273742,0
6.319999999999747,1249.3235781872188,0.0,2.0323163618018114,7.9121251501308265,1.7451693624123736,2.145512038903702,0
6.323999999999747,1249.624939048668,0.0,2.06433611973668,8.095230730704913,1.75260863643277,1.5730016310176906,0
6.327999999999746,1249.931963812985,0.0,2.097058070540811,8.2632386832764,1.7577445312205704,0.9938607318049183,0
6.331999999999746,1250.246522252999,0.0,2.1304221337748963,8.416330383922439,1.7605510342317263,0.40835580070533417,0
6.335999999999745,1250.5705405765068,0.0,2.1643692722304095,8.55484637153478,1.7610033258049542,-0.18318672530657676,0
6.339999999999745,1250.9060137930412,0.0,2.1988421299548904,8.67928648575262,1.7590779753521346,-0.7804025858499348,0
6.3439999999997445,1251.2550173964473,0.0,2.233785664399747,8.790306835923504,1.7547530454582674,-1.3829135680974505,0
6.347999999999744,1251.619718612685,0.0,2.269147760627799,8.888713920688897,1.748008097253269,-1.9903529907812656,0
6.351999999999744,1252.0023875888965,0.0,2.304879816986336,8.975456324299751,1.7388240908100254,-2.6023926748231934,0
6.355999999999743,1252.4054090404293,0.0,2.3409372935757453,9.05161450986924,1.7271831749094977,-3.2187712742269445,0
6.359999999999743,1252.8312950233142,0.0,2.377280217070542,9.118389308231391,1.7130683609439767,-3.8393238603968793,0
6.363999999999742,1253.2826996586994,0.0,2.413873637981194,9.17708976418643,1.6964630760849797,-4.464012701338384,0
6.367999999999742,1253.7624368035208,0.0,2.4506880391910713,9.229121049098012,1.6773505909258608,-5.092959257262428,0
6.371999999999741,1254.2735018424942,0.0,2.4876996975076935,9.275973180872,1.6557133165014388,-5.726477531577732,0
6.375999999999741,1254.8190989790278,0.0,2.524891002972833,9.319211310938407,1.6315319647267001,-6.3651090757869015,0
6.3799999999997405,1255.4026756409357,0.0,2.5622507437333546,9.360468345825737,1.6047845647073897,-7.009660152312276,0
6.38399999999974,1256.027965911223,0.0,2.5997743673493936,9.401440672390688,1.57544532486751,-7.6612418133442635,0
6.38799999999974,1256.6990452723262,0.0,2.637464232492505,9.443887755942967,1.5434833272162356,-8.321313956936123,0
6.391999999999739,1257.4203994500424,0.0,2.675329868069923,9.489636384879047,1.5088610351479161,-8.991734770636638,0
6.395999999999739,1258.1970108064686,0.0,2.713388259927772,9.540590348100018,1.4715325897671807,-9.674817357678835,0
6.399999999999738,1259.0344666153978,0.0,2.7516641884702047,9.598746351821747,1.4314418617573264,-10.37339573601582,0
6.403999999999738,1259.9390947238135,0.0,2.790190643795988,9.666216998844586,1.3885202163196908,-11.090902750240028,0
6.4079999999997375,1260.9181336280806,0.0,2.8290093482251066,9.745261631654982,1.3426839380969708,-11.831462620800147,0
6.411999999999737,1261.9799459278488,0.0,2.8681714190744145,9.838325701115012,1.2938312523547815,-12.600000624684787,0
6.415999999999737,1263.1342864598007,0.0,2.9077382064729136,9.948088895239227,1.241838870590943,-13.4023712477501,0
6.419999999999736,1264.3926389841492,0.0,2.947782340119794,10.07752120031599,1.1865579886840187,-14.245503043384163,0
6.423999999999736,1265.7686375078654,0.0,2.988389011405168,10.229943670967664,1.1278096851345474,-15.137551316130303,0
6.427999999999735,1267.2785886100105,0.0,3.0296574954332876,10.409085565034424,1.0653797292088534,-16.08803452038236,0
6.431999999999735,1268.942105703701,0.0,3.0717028654259835,10.619118903344877,0.9990129607226859,-17.107898811661922,0
6.435999999999734,1270.7828463701553,0.0,3.1146577382892033,10.86463008631212,0.9284077378851769,-18.209391696230746,0
6.439999999999734,1272.8284320777095,0.0,-3.124511653892963,11.150445819268839,0.8532116489317274,-19.405500295713523,0
6.4439999999997335,1275.111379820371,0.0,-3.079264097839424,11.481149427267441,0.7730210914297824,-20.708469632063654,0
6.447999999999733,1277.6710177389182,0.0,-3.0325981426334216,11.859977230539926,0.6873900490286751,-22.126483298384425,0
6.451999999999733,1280.5504967229986,0.0,-2.9843202825955935,12.28655331629123,0.595858354327659,-23.656904677038654,0
6.455999999999732,1283.7914993302704,0.0,-2.9342523530710807,12.752672942237856,0.49801768852551476,-25.27374380966768,0
6.459999999999732,1287.4221139677538,0.0,-2.882275587432499,13.235501306399582,0.39364280000794283,-26.907484039264297,0
6.463999999999731,1291.43501992752,0.0,-2.8284056728941103,13.689399634584694,0.2829145790263543,-28.420888590554213,0
6.467999999999731,1295.7594701299586,0.0,-2.772893497196449,14.043005580287094,0.16671893458240605,-29.60050356550882,0
6.47199999999973,1300.2460566917498,0.0,-2.7163054854713877,14.214665398961266,0.04688409280491834,-30.20280474450695,0
6.47599999999973,1304.6921878650444,0.0,-2.6594927241378556,14.151236866685238,-0.07391392530616603,-30.069867369985232,0
6.4799999999997295,1308.906616692314,0.0,-2.6033979124138895,13.86310944342186,-0.19272900988549546,-29.233654889792632,0
6.483999999999729,1312.7655159341218,0.0,-2.5487989849935175,13.417091871496378,-0.3071110231753309,-27.894726432022132,0
6.487999999999729,1316.2231014235895,0.0,-2.4961610221190433,12.895482519332122,-0.4155487977576451,-26.300178750510934,0
6.491999999999728,1319.2888245169383,0.0,-2.445648663608246,12.362782590084791,-0.5174344463494744,-24.644338988405934,0
6.495999999999728,1321.9995575967748,0.0,-2.397221890047021,11.857041671827439,-0.6127787018345279,-23.04282235803844,0
6.499999999999727,1324.400605524913,0.0,-2.3507327017263187,11.395619263648861,-0.701922961134906,-21.54955228198985,0
6.503999999999727,1326.5360352612977,0.0,-2.3059909757799595,10.983467632845837,-0.7853426653066498,-20.1813407724076,0
6.5079999999997264,1328.4448723362498,0.0,-2.262800938317149,10.619249390663787,-0.8635379514881607,-18.936072592721153,0
6.511999999999726,1330.1602302207602,0.0,-2.2209784213920436,10.298926225237404,-0.9369814725162837,-17.803396032965367,0
6.515999999999726,1331.7096751544304,0.0,-2.1803575130486124,10.017617616348522,-1.0060978648974368,-16.770282612755537,0
6.519999999999725,1333.115999301957,0.0,-2.140791945201091,9.770474511182774,-1.0712590058039124,-15.823661987598996,0
6.523999999999725,1334.3980444003048,0.0,-2.1021541263892694,9.553041660028214,-1.1327864205046296,-14.951535459047923,0
6.527999999999724,1335.5714416690294,0.0,-2.0643332854612986,9.36137070964652,-1.1909564715585477,-14.14334495043895,0
6.531999999999724,1336.6492317340515,0.0,-2.0272334214551684,9.192019564888371,-1.2460062465130048,-13.38999946463026,0
6.535999999999723,1337.6423674415375,0.0,-1.990771364250289,9.042005189904692,-1.2981392206859885,-12.683758628902153,0
6.539999999999723,1338.5601155835666,0.0,-1.9548750600502487,8.908741899761822,-1.3475303383743162,-12.01806884476286,0
6.5439999999997225,1339.410375934212,0.0,-1.9194821067336996,8.789979652395248,-1.3943304216682781,-11.387395509464934,0
6.547999999999722,1340.1999343564098,0.0,-1.8845385252572555,8.683748291063402,-1.4386699328864228,-10.787069321087225,0
6.551999999999722,1340.93466395545,0.0,-1.8499977386374766,8.588309629279458,-1.48066216142279,-10.213152569234385,0
6.555999999999721,1341.6196854612786,0.0,-1.8158197266416245,8.502117436684713,-1.5204059169078372,-9.662325813080605,0
6.559999999999721,1342.2594956072996,0.0,-1.7819703258292243,8.423784631918044,-1.55798780691782,-9.131793073198091,0
6.56399999999972,1342.858070317386,0.0,-1.7484206479562907,8.352056747278745,-1.5934841681579053,-8.619202924598532,0
6.56799999999972,1343.418947978603,0.0,-1.7151465935658443,8.285790718325922,-1.6269627093684293,-8.122582839300742,0
6.571999999999719,1343.945296893713,0.0,-1.6821284412308621,8.223938132562267,-1.658483914044858,-7.640284378433874,0
6.575999999999719,1344.4399701020325,0.0,-1.6493504961643133,8.165532180365874,-1.688102242143542,-7.170937180880156,0
6.5799999999997185,1344.9055500664992,0.0,-1.6168007847188264,8.109677659626016,-1.7158671624455124,-6.7134100483295684,0
6.583999999999718,1345.344385197645,0.0,-1.5844707836951315,8.05554348195355,-1.7418240411062962,-6.266777747949674,0
6.587999999999718,1345.7586197816136,0.0,-1.5523551754186258,8.002357210061955,-1.7660149069743782,-5.830292431123407,0
6.591999999999717,1346.150218568756,0.0,-1.520451621284895,7.949401223838775,-1.78847911033335,-5.403358798677963,0
6.595999999999717,1346.520987038424,0.0,-1.4887605479687487,7.896010169024847,-1.809253888638018,-4.985512333243486,0
6.599999999999716,1346.8725881668972,0.0,-1.457284941778255,7.841569389827426,-1.8283748504157598,-4.576400072949534,0
6.603999999999716,1347.206556375788,0.0,-1.4260301477466122,7.7855140874931,-1.8458763866552754,-4.175763522884727,0
6.607999999999715,1347.5243092180394,0.0,-1.3950036710136615,7.727328982673938,-1.8617920175902256,-3.783423396540334,0
6.611999999999715,1347.8271572605483,0.0,-1.3642149788719706,7.666548291646074,-1.8761546817083365,-3.399265953237611,0
6.6159999999997146,1348.1163125412224,0.0,-1.3336753025524288,7.602755855930647,-1.8889969729973028,-3.023230753185465,0
6.619999999999714,1348.3928959101002,0.0,-1.303397438410915,7.535585292090342,-1.900351331811641,-2.6552996927435917,0
6.623999999999714,1348.6579435062838,0.0,-1.2733955486595292,7.464720053621625,-1.9102501942568104,-2.295487211674045,0
6.627999999999713,1348.9124125729152,0.0,-1.2436849621713435,7.389893319949263,-1.9187261045968984,-1.9438315842685023,0
6.631999999999713,1349.1571867699076,0.0,-1.2142819761849708,7.310887648489234,-1.9258117948681723,-1.6003872194972193,0
6.635999999999712,1349.3930811076755,0.0,-1.185203659953089,7.227534344501601,-1.9315402355993938,-1.2652179036472249,0
6.639999999999712,1349.6208465939856,0.0,-1.1564676615264204,7.139712519969702,-1.935944661284462,-0.9383909238692081,0
6.6439999999997115,1349.8411746597858,0.0,-1.1280920189504222,7.047347827046321,-1.9390585740128097,-0.6199720138738394,0
6.647999999999711,1350.0547014080255,0.0,-1.1000949771846251,6.950410863804997,-1.9409157284314593,-0.3100210646417978,0
6.651999999999711,1350.2620117117144,0.0,-1.0724948120425637,6.848915260291179,-1.9415501009863674,-0.008588544095905759,0
6.65599999999971,1350.4636431734227,0.0,-1.045309662400559,6.742915461390502,-1.9409958461686012,0.2842874293464439,0
6.65999999999971,1350.6600899477714,0.0,-1.018557371843567,6.63250423004114,-1.9392872422713374,0.5685834133297447,0
6.663999999999709,1350.851806420843,0.0,-0.9922553408088497,6.517809900027179,-1.9364586289543115,0.8442924208966045,0
6.667999999999709,1351.0392107354994,0.0,-0.9664203901643482,6.39899341217392,-1.9325443386979475,1.1114252037308585,0
6.671999999999708,1351.222688148962,0.0,-0.941068637013224,6.276245171367986,-1.9275786240350397,1.3700110887003296,0
6.675999999999708,1351.4025942083092,0.0,-0.9162153833622355,6.149781764523949,-1.9215955822499162,1.6200984152418876,0
6.6799999999997075,1351.5792577304137,0.0,-0.8918750181266368,6.019842581463576,-1.9146290790500045,1.8617546192214751,0
6.683999999999707,1351.7529835749272,0.0,-0.8680609327741919,5.88668638167127,-1.9067126725358348,2.095066006979048,0
6.687999999999707,1351.9240552018605,0.0,-0.8447854507385202,5.750587850031093,-1.897879538624519,2.3201372613539086,0
6.691999999999706,1352.0927370088136,0.0,-0.8220597705606671,5.611834183924641,-1.8881623989183687,2.537090719578371,0
6.695999999999706,1352.2592764466813,0.0,-0.7998939225512487,5.470721752474578,-1.8775934518545974,2.7460654610076816,0
6.699999999999705,1352.4239059164584,0.0,-0.7782967386069188,5.327552866279024,-1.8662043078240889,2.9472162406913056,0
6.703999999999705,1352.5868444533828,0.0,-0.757275834667773,5.182632692751753,-1.8540259288072372,3.1407123027518233,0
6.707999999999704,1352.7482992079238,0.0,-0.7368376051695087,5.0362663482506616,-1.841088572943248,3.3267361053936146,0
6.711999999999704,1352.9084667359266,0.0,-0.7169872287282111,4.88875619366292,-1.8274217443264984,3.5054819870948912,0
6.7159999999997035,1353.067534112483,0.0,-0.6977286841988679,4.740399355166392,-1.8130541482100913,3.6771548011372666,0
6.719999999999703,1353.2256798857725,0.0,-0.679064776172055,4.591485486668289,-1.7980136516931304,3.8419685431052315,0
6.723999999999703,1353.3830748882071,0.0,-0.6609971689180298,4.442294785106065,-1.7823272498749294,4.000144993365697,0
6.727999999999702,1353.5398829227295,0.0,-0.6435264277531054,4.293096264552289,-1.7660210373766874,4.151912393848877,0
6.731999999999702,1353.6962613421233,0.0,-0.6266520667896671,4.144146290052477,-1.7491201850593083,4.297504175738306,0
6.735999999999701,1353.8523615387473,0.0,-0.6103726020368434,3.99568736748042,-1.7316489217050044,4.437157751986455,0
6.739999999999701,1354.0083293612786,0.0,-0.5946856088421946,3.847947181531261,-1.7136305203799351,4.571113385951101,0
6.7439999999997005,1354.1643054739318,0.0,-0.5795877827037721,3.7011378703711264,-1.6950872891550084,4.699613144941548,0
6.7479999999997,1354.3204256722904,0.0,-0.5650750025339413,3.5554555224756466,-1.676040565831572,4.822899945113517,0
6.7519999999997,1354.476821168412,0.0,-0.5511423955191717,3.4110798788411563,-1.6565107162973636,4.941216691989857,0
6.755999999999699,1354.6336188563344,0.0,-0.537784402790912,3.2681742220376524,-1.6365171361249402,5.054805518936304,0
6.759999999999699,1354.7909415675704,0.0,-0.5249948451991635,3.1268854324649538,-1.616078255019019,5.163907124202909,0
6.763999999999698,1354.9489083246815,0.0,-0.5127669885602408,2.9873441916276184,-1.5952115437197472,5.2687602056599285,0
6.767999999999698,1355.1076345996169,0.0,-0.5010936078311374,2.8496653122013766,-1.5739335229749891,5.3696009911106195,0
6.771999999999697,1355.2672325822155,0.0,-0.4899670497432176,2.7139481750566525,-1.5522597742052864,5.466662861044574,0
6.775999999999697,1355.4278114631193,0.0,-0.4793792935058363,2.580277254161452,-1.5302049514993807,5.560176059889378,0
6.7799999999996965,1355.5894777343462,0.0,-0.46932200926485734,2.448722711334305,-1.5077827945952427,5.650367491206454,0
6.783999999999696,1355.7523355099281,0.0,-0.4597866140706195,2.3193410440885582,-1.4850061425206942,5.737460591835831,0
6.787999999999696,1355.9164868683226,0.0,-0.4507643251741271,2.192175771237836,-1.4618869475883387,5.821675279698571,0
6.791999999999695,1356.0820322177642,0.0,-0.4422462105285767,2.067258142461508,-1.4384362894610623,5.903227969787032,0
6.795999999999695,1356.249070685301,0.0,-0.4342232364253249,1.9446078596092298,-1.4146643890264563,5.982331652783,0
6.799999999999694,1356.4177005299703,0.0,-0.42668631223914844,1.8242337991143467,-1.3905806218408316,6.059196030712088,0
6.803999999999694,1356.5880195803759,0.0,-0.4196263322969891,1.7061347264554054,-1.3661935309258657,6.134027704038817,0
6.807999999999693,1356.7601256968208,0.0,-0.41303421491756254,1.5902999951299717,-1.341510838723326,6.207030404598536,0
6.811999999999693,1356.9341172581112,0.0,-0.4069009386963991,1.4767102240706442,-1.3165394580357934,6.2784052687164165,0
6.8159999999996925,1357.1100936731596,0.0,-0.40121757613235687,1.3653379488325,-1.2912855018041185,6.348351144744625,0
6.819999999999692,1357.288155917546,0.0,-0.39597532470760655,1.2561482432145827,-1.2657542915958413,6.417064929017445,0
6.823999999999692,1357.4684070952437,0.0,-0.39116553554391587,1.1490993092525428,-1.2399503647035144,6.484741923837513,0
6.827999999999691,1357.6509530257326,0.0,-0.3867797397638135,1.0441430347488017,-1.2138774797785248,6.551576210514979,0
6.831999999999691,1357.835902856709,0.0,-0.3828096726861361,0.9412255187104229,-1.187538620955531,6.617761029628263,0
6.83599999999969,1358.0233697025,0.0,-0.37924729598158535,0.8402875662691388,-1.1609360004561986,6.683489159492989,0
6.83999999999969,1358.2134713080834,0.0,-0.376084817905177,0.7412651558948004,-1.1340710597000028,6.748953282235184,0
6.843999999999689,1358.4063307382544,0.0,-0.3733147117085984,0.6440898830213383,-1.106944468996279,6.814346324771548,0
6.847999999999689,1358.6020770909113,0.0,-0.3709297323162666,0.5486893856283362,-1.079556125947693,6.879861759291464,0
6.851999999999689,1358.8008462325924,0.0,-0.3689229313235316,0.45498775891373144,-1.051905152763542,6.945693844380368,0
6.855999999999688,1359.0027815532048,0.0,-0.3672876703434227,0.3629059680134207,-1.023989892765143,7.012037783568088,0
6.859999999999688,1359.208034735242,0.0,-0.3660176326883544,0.2723622698381676,-0.9958079064688938,7.079089772651949,0
6.863999999999687,1359.4167665305706,0.0,-0.36510683332412697,0.18327265757974714,-0.9673559677601551,7.14704690043521,0
6.867999999999687,1359.6291475349155,0.0,-0.3645496269736306,0.09555134436313784,-0.9386300608284048,7.216106859323825,0
6.871999999999686,1359.845358946325,0.0,-0.36434071417509983,0.009111305965400746,-0.9096253787275383,7.286467412322639,0
6.875999999999686,1360.065593288906,0.0,-0.36447514501213263,-0.07613509344788676,-0.8803363246621085,7.35832555116864,0
6.8799999999996855,1360.2900550767506,0.0,-0.3649483201280539,-0.1602753639611538,-0.8507565173874139,7.431876266504065,0
6.883999999999685,1360.5189613849188,0.0,-0.36575598851170454,-0.24339600701073186,-0.8208788024616118,7.5073108350699975,0
6.887999999999685,1360.7525422842962,0.0,-0.3668942413956451,-0.32558144720587334,-0.79069527149852,7.584814511167747,0
6.891999999999684,1360.9910410847658,0.0,-0.3683595014353571,-0.40691273289219965,-0.7601972920632312,7.664563490510174,0
6.895999999999684,1361.23471431615,0.0,-0.3701485061422751,-0.4874659533034863,-0.7293755514162461,7.7467209952887215,0
6.899999999999683,1361.483831358584,0.0,-0.37225828432328,-0.5673103146512349,-0.6982201179536984,7.831432311654572,0
6.903999999999683,1361.7386736134047,0.0,-0.3746861240404762,-0.6465058137820323,-0.6667205248942021,7.918818598003114,0
6.907999999999682,1361.9995330826544,0.0,-0.3774295303574533,-0.7251004477191514,-0.6348658814999881,8.008969279206894,0
6.911999999999682,1362.266710200877,0.0,-0.3804861709000207,-0.8031269028583198,-0.6026450178398601,8.101932855175328,0
6.9159999999996815,1362.540510738921,0.0,-0.3838538070597757,-0.8805986820574268,-0.5700466697200173,8.197705991391349,0
6.919999999999681,1362.821241579124,0.0,-0.38753020855202536,-0.9575056555810898,-0.537059710797783,8.296220836910692,0
6.923999999999681,1363.1092051494645,0.0,-0.3915130490686032,-1.0338090679830856,-0.5036734388686557,8.397330647024463,0
6.92799999999968,1363.4046923081137,0.0,-0.3957997810259144,-1.1094361031955764,-0.4698779226295966,8.500793990349736,0
6.93199999999968,1363.7079734987944,0.0,-0.400387488005979,-1.1842742095584342,-0.4356644135550152,8.606258109363747,0
6.935999999999679,1364.0192880631234,0.0,-0.405272714547916,-1.2581655182375302,-0.4010258245074092,8.713242388795095,0
6.939999999999679,1364.3388317114654,0.0,-0.41045127459582176,-1.330901850323199,-0.36595727196154293,8.821123362508427,0
6.943999999999678,1364.6667423302488,0.0,-0.41591804224867346,-1.4022209887269876,-0.3304566719384421,8.929123224859627,0
6.947999999999678,1365.0030845471479,0.0,-0.42166673152047807,-1.4718050661905366,-0.29452537081431274,9.036304335588031,0
6.9519999999996775,1365.3478337805045,0.0,-0.4276896755045456,-1.5392820486545062,-0.25816878136441224,9.141572596420648,0
6.955999999999677,1365.7008608417382,0.0,-0.4339776193434197,-1.6042313152783851,-0.22139698258860774,9.243692660268634,0
6.959999999999677,1366.0619184907205,0.0,-0.4405195451759205,-1.6661941840931,-0.18422523067080743,9.3413175077817,0
6.963999999999676,1366.430631590125,0.0,-0.44730254993966767,-1.724689844878826,-0.14667432026514637,9.433033810110238,0
6.967999999999676,1366.8064925744272,0.0,-0.4543117975436708,-1.779236513574983,-0.10877073314115737,9.517422614477766,0
6.971999999999675,1367.1888637551194,0.0,-0.46153056451134944,-1.829376759057296,-0.07054651795621503,9.593132365046806,0
6.975999999999675,1367.5769874740272,0.0,-0.4689403921028479,-1.8747050083278245,-0.032038862431175374,9.658958498650982,0
6.9799999999996745,1367.970004309043,0.0,-0.4765213482475872,-1.9148944293921164,0.006710652739600587,9.713921476418992,0
6.983999999999674,1368.3669785381737,0.0,-0.48425239041457147,-1.949719976161153,0.04565709338352164,9.75733387506422,0
6.987999999999674,1368.766929065224,0.0,-0.49211180782498687,-1.9790745573000026,0.08475344274763819,9.788847658524578,0
6.991999999999673,1369.168863224278,0.0,-0.5000777106954963,-2.002976114583596,0.12395201044365223,9.808475142970604,0
6.995999999999673,1369.5718104964637,0.0,-0.5081285278866154,-2.0215647240119328,0.16320586755596045,9.81658104214485,0
6.999999999999672,1369.9748532780766,0.0,-0.5162434738080641,-2.0350903519967263,0.20247019441308423,9.813847418751655,0
7.003999999999672,1370.3771523928738,0.0,-0.5244029507648271,-2.0438932368820923,0.24170344301671287,9.80121727778707,0
7.007999999999671,1370.777965892329,0.0,-0.5325888627071258,-2.048379718408846,0.28086824460929405,9.779825025301202,0
7.011999999999671,1371.1766606320152,0.0,-0.5407848283111427,-2.0489965698980175,0.3199320277080835,9.75092268686533,0
7.0159999999996705,1371.5727169597674,0.0,-0.5489762930307478,-2.04620655359716,0.35886734601328696,9.715809793100993,0
7.01999999999967,1371.9657274740223,0.0,-0.5571505493053088,-2.0404672078199146,0.397651943302745,9.675772751307314,0
7.02399999999967,1372.3553911606705,0.0,-0.5652966804446606,-2.0322140202637975,0.43626860073006046,9.632037022821743,0
7.027999999999669,1372.7415043141687,0.0,-0.5734054466936414,-2.021848346590069,0.47470482044496176,9.585733105250931,0
7.031999999999669,1373.1239495553207,0.0,-0.5814691321181833,-2.0097298214193624,0.5129523996793548,9.53787554002206,0
7.035999999999668,1373.502684049043,0.0,-0.589481369097193,-1.9961726233513755,0.5510069438765584,9.489353052324793,0
7.039999999999668,1373.877727768197,0.0,-0.5974369542346025,-1.9814447786756275,0.5888673586820623,9.440927427808846,0
7.043999999999667,1374.2491523940087,0.0,-0.60533166616489,-1.9657696700724534,0.626535350825324,9.393238689888728,0
7.047999999999667,1374.6170712198061,0.0,-0.6131620925306969,-1.94932899887376,0.6640149586091999,9.346814392431693,0
7.0519999999996665,1374.9816302462382,0.0,-0.6209254706603744,-1.9322665817214086,0.7013121247433469,9.302081236408537,0
7.055999999999666,1375.3430005246391,0.0,-0.628619544287595,-1.9146925077961972,0.7384343179516866,9.259377647955507,0
7.059999999999666,1375.701371715881,0.0,-0.6362424370366959,-1.8966873183538548,0.7753902051468078,9.218966353008875,0
7.063999999999665,1376.056946776969,0.0,-0.643792542281183,-1.8783059846813974,0.8121893727965688,9.181046317558355,0
7.067999999999665,1376.4099376583822,0.0,-0.6512684282748111,-1.8595815502459496,0.8488420941295947,9.145763682975673,0
7.071999999999664,1376.7605618840792,0.0,-0.6586687570573275,-1.8405283688988328,0.8853591377475736,9.113221516741213,0
7.075999999999664,1377.109039886995,0.0,-0.6659922154623317,-1.8211449169574083,0.9217516127747949,9.08348833068811,0
7.0799999999996635,1377.455592980987,0.0,-0.6732374565306216,-1.801416186981252,0.9580308456676763,9.056605404073299,0
7.083999999999663,1377.8004418621736,0.0,-0.6804030497031022,-1.7813156890971755,0.9942082840670015,9.032592999260501,0
7.087999999999663,1378.1438055461776,0.0,-0.687487438292159,-1.760807095246898,1.0302954234852066,9.011455583692907,0
7.091999999999662,1378.4859006614213,0.0,-0.6944889028808561,-1.7398455654691782,1.0663037530988717,8.993186181166806,0
7.095999999999662,1378.8269410315331,0.0,-0.7014055294568422,-1.7183787953501914,1.1022447174088752,8.977769974211002,0
7.099999999999661,1379.1671374916064,0.0,-0.7082351812404433,-1.696347821572979,1.1381296910045577,8.9651872719472,0
7.103999999999661,1379.5066978933519,0.0,-0.7149754733076996,-1.6736876191040075,1.1739699641050745,8.955415947124166,0
7.10799999999966,1379.8458272630892,0.0,-0.7216237492354871,-1.6503275196634497,1.2097767369421142,8.94843343404158,0
7.11199999999966,1380.184728084106,0.0,-0.7281770591065744,-1.6261914771783088,1.245561121390847,8.944218367035143,0
7.1159999999996595,1380.5236006813209,0.0,-0.7346321383076315,-1.6011982021834115,1.2813341485515126,8.942751927800265,0
7.119999999999659,1380.8626436915636,0.0,-0.7409853866342679,-1.5752611837682269,1.3171067812361095,8.944018959460854,0
7.123999999999659,1381.2020546072888,0.0,-0.7472328472855168,-1.548288614747259,1.3528899305274287,8.948008896092297,0
7.127999999999658,1381.5420303853211,0.0,-0.7533701853878476,-1.5201832332944625,1.3886944757561368,8.954716548392389,0
7.131999999999658,1381.8827681154062,0.0,-0.7593926657377779,-1.4908420923413925,1.424531287390181,8.964142779286492,0
7.135999999999657,1382.2244657460415,0.0,-0.7652951294942021,-1.4601562666008365,1.4604112524538246,8.976295097331604,0
7.139999999999657,1382.5673228673695,0.0,-0.7710719695890731,-1.4280105061521837,1.4963453021946398,8.991188190702376,0
7.143999999999656,1382.9115415529197,0.0,-0.7767171046597952,-1.3942828451332252,1.5323444417989132,9.008844420142976,0
7.147999999999656,1383.257327263739,0.0,-0.7822239513410381,-1.3588441742656,1.5684197820215777,9.029294285389106,0
7.1519999999996555,1383.6048898200063,0.0,-0.7875853947900318,-1.3215577867631585,1.604582572647626,9.05257687603699,0
7.155999999999655,1383.954444446614,0.0,-0.7927937573604282,-1.2822789087317543,1.640844237739162,9.078740314486552,0
7.159999999999655,1384.3062129004104,0.0,-0.7978407653887984,-1.2408542276033327,1.6772164126460583,9.107842195227326,0
7.163999999999654,1384.6604246878542,0.0,-0.8027175141186333,-1.1971214356444912,1.7137109827682409,9.139950021160773,0
7.167999999999654,1385.017318382654,0.0,-0.8074144308639646,-1.150908810389631,1.7503401240525154,9.175141633623207,0
7.171999999999653,1385.3771430535191,0.0,-0.8119212366144772,-1.1020348602973955,1.7871163451842689,9.213505628006818,0
7.175999999999653,1385.7401598122935,0.0,-0.8162269064133483,-1.0503080724364118,1.8240525313907394,9.25514174102889,0
7.179999999999652,1386.1066434923116,0.0,-0.8203196290075567,-0.9955268101072419,1.8611619897025573,9.300161188346854,0
7.183999999999652,1386.4768844655725,0.0,-0.8241867664895643,-0.9374794226753599,1.898458495417131,9.3486869218308,0
7.187999999999652,1386.8511906048911,0.0,-0.8278148149337277,-0.8759446483620967,1.9359563393615025,9.400853763725108,0
7.191999999999651,1387.2298893930947,0.0,-0.8311893673991477,-0.8106924143419362,1.9736703753514089,9.456808359335222,0
7.195999999999651,1387.6133301748946,0.0,-0.8342950811455978,-0.741485168455495,2.011616066971234,9.516708869751591,0
7.19999999999965,1388.0018865373859,0.0,-0.8371156515190812,-0.668079914603481,2.049809532436022,9.58072430024241,0
7.20399999999965,1388.3959587909821,0.0,-0.8396337957427136,-0.5902311710441069,2.0882675858156947,9.649033326860609,0
7.207999999999649,1388.7959765023966,0.0,-0.8418312508380374,-0.5076951290528751,2.1270077722712006,9.72182244187525,0
7.211999999999649,1389.2024010029636,0.0,-0.8436887911489954,-0.4202353602581199,2.1660483941335142,9.799283186115119,0
7.2159999999996485,1389.6157277565483,0.0,-0.845186272498367,-0.32763050543927197,2.2054085236036194,9.881608171590814,0
7.219999999999648,1390.0364884183412,0.0,-0.8463027119291624,-0.22968447543147297,2.2451079965135925,9.968985519786486,0
7.223999999999648,1390.4652523452673,0.0,-0.8470164143204073,-0.126239803380655,2.2851673799126466,10.061591250057704,0
7.227999999999647,1390.902627226576,0.0,-0.8473051599492081,-0.01719490003491196,2.3256079041800835,10.15957905154207,0
7.231999999999647,1391.349258385722,0.0,-0.8471464702889584,0.09747393396230114,2.3664513478930855,10.263066768496632,0
7.235999999999646,1391.8058261596743,0.0,-0.8465179729009726,0.2176848179454603,2.4077198608049795,10.372118838576698,0
7.239999999999646,1392.2730405905386,0.0,-0.8453978899734587,0.3432160129692265,2.449435707137466,10.486723873961386,0
7.243999999999645,1392.7516324750377,0.0,-0.8437656784581584,0.473664299047886,2.4916209081715675,10.606766613176683,0
7.247999999999645,1393.2423396301276,0.0,-0.8416028520915013,0.6083956452276731,2.5342967603727775,10.731993667583746,0
7.2519999999996445,1393.745887087154,0.0,-0.8388940156569689,0.7464885753861724,2.5774832037797584,10.86197294363001,0
7.255999999999644,1394.2629598893689,0.0,-0.8356281378415673,0.8866719320738568,2.6211980164580932,10.99604747226848,0
7.259999999999644,1394.7941673403084,0.0,-0.8318000784866442,1.0272607417492219,2.6654558163260997,11.133285769439457,0
7.263999999999643,1395.3399980718752,0.0,-0.8274123658672892,1.1660966992932476,2.710266864036006,11.27243290874436,0
7.267999999999643,1395.9007663310929,0.0,-0.8224771866368812,1.30050335821085,2.7556356825771946,11.411869219459971,0
7.271999999999642,1396.4765515609768,0.0,-0.8170185028936068,1.4272700272445376,2.80155954318473,11.549586686639651,0
7.275999999999642,1397.067135702059,0.0,-0.8110741477944181,1.542681668289486,2.848026913536698,11.683196051056939,0
7.279999999999641,1397.6719454576646,0.0,-0.8046976788261482,1.6426131050798765,2.89501601984958,11.809979042273532,0
7.283999999999641,1398.2900094693339,0.0,-0.7979596996706917,1.7227023777693884,2.9424937300163876,11.926998381883987,0
7.2879999999996405,1398.9199419464842,0.0,-0.7909483199118341,1.7786080371340671,2.990415003791904,12.031271404058506,0
7.29199999999964,1399.5599635583696,0.0,-0.7837684348887457,1.8063379473202437,3.0387231561877464,12.120000611053673,0
7.29599999999964,1400.2079663528377,0.0,-0.7765396008846679,1.8026152104005106,3.0873511209429996,12.190837802404175,0
7.299999999999639,1400.8616220985436,0.0,-0.769392461045932,1.7652264686367813,3.136223773957446,12.242142280722707,0
7.303999999999639,1401.5163292057437,0.0,-0.7624639212064395,1.6932879127049612,-3.0979241096911885,12.273184909555379,0
7.307999999999638,1402.1694861159297,0.0,-0.7558915244079003,1.5873721571818298,-3.048802729930614,12.284254438036807,0
7.311999999999638,1402.8189946871817,0.0,-0.7498076526354964,1.4494656912514394,-2.9996750229869367,12.276641652480548,0
7.3159999999996375,1403.4631127043606,0.0,-0.7443342318800532,1.282764213321426,-2.950611657493602,12.252504954729483,0
7.319999999999637,1404.1005340801896,0.0,-0.7395785136872917,1.0913484657428132,-2.9016732943156276,12.214647690323833,0
7.323999999999637,1404.730422147618,0.0,-0.735630288110837,0.8798039519283536,-2.852908530430712,12.166253443828948,0
7.327999999999636,1405.3524002603665,0.0,-0.732560620749851,0.6528490557411908,-2.804352905615211,12.110626574015534,0
7.331999999999636,1405.9665099811148,0.0,-0.7304219744519322,0.4150210298591188,-2.7560288736678125,12.050974081731631,0
7.335999999999635,1406.5731494969705,0.0,-0.7292494228250561,0.17044661358554195,-2.707946528581159,11.990248028856863,0
7.339999999999635,1407.173004135769,0.0,-0.7290626006212193,-0.07729771227484869,-2.660104832383225,11.931051704203929,0
7.343999999999634,1407.766978232074,0.0,-0.7298680495513388,-0.3252463249150982,-2.6124931029440095,11.875601514100747,0
7.347999999999634,1408.356134375966,0.0,-0.7316616782423822,-0.5710442835753771,-2.5650925649149716,11.825731086117166,0
7.3519999999996335,1408.94164315189,0.0,-0.7344311334313183,-0.8129063379763593,-2.5178778239951267,11.782923212871388,0
7.355999999999633,1409.5247442616621,0.0,-0.7381579555699354,-1.049552751337356,-2.4708181789538743,11.748357196832309,0
7.359999999999633,1410.1067184995186,0.0,-0.7428194547089291,-1.2801355149268534,-2.4238787296090614,11.722962240379873,0
7.363999999999632,1410.6888692887753,0.0,-0.7483902882278812,-1.5041642823454535,-2.3770212700167033,11.70747064844927,0
7.367999999999632,1411.272512213222,0.0,-0.7548437517366118,-1.7214377119244197,-2.330204975629547,11.702467218396603,0
7.371999999999631,1411.858971003281,0.0,-0.7621528114283578,-1.9319831597877137,-2.2833869036130974,11.708433111459076,0
7.375999999999631,1412.4495786280083,0.0,-0.7702909139173926,-2.1360057912772494,-2.236522329579734,11.725783778438322,0
7.37999999999963,1413.0456824047274,0.0,-0.7792326113348764,-2.3338470165525163,-2.1895649440253617,11.754901283142102,0
7.38399999999963,1413.6486523118963,0.0,-0.7889540376587298,-2.525951517577795,-2.142466929459209,11.796161778549576,0
7.3879999999996295,1414.2598919485818,0.0,-0.7994332686582872,-2.7128418483889263,-2.095178935779944,11.849959069677055,0
7.391999999999629,1414.8808518144986,0.0,-0.8106505935775026,-2.8950995261466916,-2.0476499675975006,11.916725239688118,0
7.395999999999629,1415.513044787516,0.0,-0.8225887224453601,-3.0733515930547783,-1.9998271933335738,11.996949288478628,0
7.399999999999628,1416.1580638562643,0.0,-0.8352329490633679,-3.248261756665665,-1.9516556822411033,12.091194679023868,0
7.403999999999628,1416.8176023324154,0.0,-0.8485712864536623,-3.4205253701207607,-1.903078072012974,12.200116632793202,0
7.407999999999627,1417.4934769302654,0.0,-0.862594588915826,-3.59086767265002,-1.8540341663688302,12.324479977066453,0
7.411999999999627,1418.1876542712168,0.0,-0.8772966728298748,-3.760044863123653,-1.8044604588351625,12.465178332679539,0
7.4159999999996264,1418.9022815593437,0.0,-0.8926744469213403,-3.9288477211471013,-1.7542895757610042,12.623255445087263,0
7.419999999999626,1419.6397223944111,0.0,-0.9087280618264018,-4.098107620381024,-1.7034496283204925,12.799929506527487,0
7.423999999999626,1420.4025989553534,0.0,-0.9254610884163235,-4.268704898380638,-1.651863459722005,12.996621392130068,0
7.427999999999625,1421.1938421176233,0.0,-0.9428807344208145,-4.4415796572515065,-1.599447769956555,13.214987834562296,0
7.431999999999625,1422.016751482419,0.0,-0.9609981093903777,-4.617745169147473,-1.5461120960845989,13.456960681070491,0
7.435999999999624,1422.8750678179836,0.0,-0.9798285489099605,-4.798304145499733,-1.4917576212458563,13.72479349325941,0
7.439999999999624,1423.7730610681363,0.0,-0.9993920101394984,-4.984468186539746,-1.4362757803664286,14.021116821720655,0
7.443999999999623,1424.7156378934276,0.0,-1.0197135520551797,-5.177580731272313,-1.3795466252582536,14.349003431405222,0
7.447999999999623,1425.7084736845525,0.0,-1.04082391488625,-5.379143723515392,-1.321436907257766,14.712044407943663,0
7.4519999999996225,1426.758175095633,0.0,-1.062760213566449,-5.590847892331793,-1.2617978334428024,15.114436131425968,0
7.455999999999622,1427.8724802624597,0.0,-1.0855667583402813,-5.814605816417205,-1.2004624562366004,15.561075978565583,0
7.459999999999622,1429.0605046635958,0.0,-1.1092960096668065,-6.052585428230094,-1.1372426725495348,16.05766020890475,0
7.463999999999621,1430.3330402658257,0.0,-1.1340096598570497,-6.3072386182079585,-1.0719258503216533,16.61076875503482,0
7.467999999999621,1431.702912444233,0.0,-1.159779802225188,-6.58131383623672,-1.0042711915566258,17.227904776117736,0
7.47199999999962,1433.185389536694,0.0,-1.1866900846440736,-6.877830724770124,-0.9340061266390691,17.917424949892627,0
7.47599999999962,1434.7986163410892,0.0,-1.2148366204361203,-7.199974774787634,-0.8608233970536308,18.688237461193438,0
7.479999999999619,1436.5639908071942,0.0,-1.2443281964630266,-7.5508341396361205,-0.7843801677722695,19.549038733755264,0
7.483999999999619,1438.506295886233,0.0,-1.2752848952504152,-7.932840038924344,-0.7043017568406711,20.5066800371918,0
7.4879999999996185,1440.6531932148664,0.0,-1.3078335201393436,-8.346680414996372,-0.6201947214080406,21.562981894891415,0
7.491999999999618,1443.03333503786,0.0,-1.3420970782221353,-8.789352979028877,-0.5316774057180353,22.709003160141336,0
7.495999999999618,1445.6718802731707,0.0,-1.3781741638714458,-9.25102143749495,-0.43844027354618653,23.91575458335497,0
7.499999999999617,1448.581950346002,0.0,-1.4161033861907981,-9.71078264109609,-0.34035050884163454,25.12164468015555,0
7.503999999999617,1451.751628157548,0.0,-1.4558110098398735,-10.132989290598097,-0.23760656527406887,26.221482382713074,0
7.507999999999616,1455.1302226477703,0.0,-1.4970519644758582,-10.468601809368748,-0.13091301908475828,27.07025481796424,0
7.511999999999616,1458.6240073017418,0.0,-1.5393763790200907,-10.667332621130624,-0.021580911924532487,27.518794175454268,0
7.515999999999615,1462.1121478997068,0.0,-1.5821666892626105,-10.699444314675713,0.08857979241786751,27.47809933449112,0
7.519999999999615,1465.4790432814505,0.0,-1.6247579191765453,-10.572200534552215,0.19761348756515673,26.96800941683923,0
7.5239999999996146,1468.642599192261,0.0,-1.6665842326768043,-10.325283436304023,0.303850233632474,26.10378653938031,0
7.527999999999614,1471.5627084502478,0.0,-1.7072694552896905,-10.010030137992338,0.4061720467069385,25.034912949892448,0
7.531999999999614,1474.2329586850558,0.0,-1.7466331085128708,-9.670740715548336,0.504030230498504,23.890051465528597,0
7.535999999999613,1476.6671484732512,0.0,-1.7846438740408601,-9.337372983341906,0.5973081461937326,22.755640664243476,0
7.539999999999613,1478.888226561058,0.0,-1.8213627822803176,-9.026720618621892,0.6861541949432688,21.67947570540177,0
7.543999999999612,1480.9214794382606,0.0,-1.8568983694481211,-8.746440532339697,0.7708503775653881,20.68261867984484,0
7.547999999999612,1482.7910735859855,0.0,-1.8913779115855895,-8.498773198819626,0.8517282771214241,19.77034748262644,0
7.5519999999996115,1484.5186314515704,0.0,-1.924931276482397,-8.28310572248954,0.9291221035102666,18.93966730657825,0
7.555999999999611,1486.1228681800221,0.0,-1.957682869925108,-8.097508550562406,1.0033454095595253,18.18379259550641,0
7.559999999999611,1487.6197161985422,0.0,-1.9897482389318562,-7.939581574596704,1.0746813537212283,17.494599480524386,0
7.56399999999961,1489.022637894657,0.0,-2.0212331593646553,-7.806888295048085,1.1433801376415929,16.86387314805547,0
7.56799999999961,1490.3429825598562,0.0,-2.0522339539186696,-7.697160043043192,1.2096599589490946,16.283886273051646,0
7.571999999999609,1491.5903249800983,0.0,-2.0828383553223127,-7.608377566893583,1.2737094924374404,15.747623451637892,0
7.575999999999609,1492.7727627935685,0.0,-2.113126556114235,-7.538789959534888,1.3356908695731171,15.24882701627705,0
7.579999999999608,1493.8971680301672,0.0,-2.1431722659539574,-7.48690334083633,1.3957426505800647,14.781958686400786,0
7.583999999999608,1494.9693959471392,0.0,-2.1730436932655763,-7.451456326343439,1.4539825622488198,14.342126539513789,0
7.5879999999996075,1495.9944569511665,0.0,-2.2028044176671457,-7.431390933711977,1.5105099187873847,13.925002415796563,0
7.591999999999607,1496.9766578137067,0.0,-2.2325141443252257,-7.425823089265225,1.5654077147919168,13.52674189758265,0
7.595999999999607,1497.9197178770278,0.0,-2.262229342786515,-7.434014533714511,1.6187444129450341,13.143912228442638,0
7.599999999999606,1498.8268651348988,0.0,-2.292003777332809,-7.455346712756953,1.6705754628167018,12.773430086239019,0
7.603999999999606,1499.7009162282372,0.0,-2.3218889369119076,-7.489296644011225,1.7209445910140762,12.412509439752231,0
7.607999999999605,1500.544343630262,0.0,-2.3519343720601427,-7.535414490059253,1.769884902104419,12.05861895541863,0
7.611999999999605,1501.3593326392102,0.0,-2.3821879449431798,-7.593302484883394,1.8174198269031585,11.709448124393413,0
7.615999999999604,1502.1478302476667,0.0,-2.412695997238046,-7.662594876473029,1.863563951204105,11.362881205832938,0
7.619999999999604,1502.9115875016812,0.0,-2.44350343935821,-7.742938619226277,1.908323754429702,11.016978098945806,0
7.6239999999996035,1503.6521965830718,0.0,-2.4746537636571944,-7.833974653591945,1.951698284206298,10.669961294774685,0
7.627999999999603,1504.3711235291112,0.0,-2.5061889838391203,-7.935319734586516,1.9936797895314893,10.320208083843212,0
7.631999999999603,1505.0697372330897,0.0,-2.538149502920163,-8.046548906572253,2.0342543319091515,9.966247192533656,0
7.635999999999602,1505.7493351390076,0.0,-2.570573912752483,-8.167178860430727,2.073402390460222,9.606758986647275,0
7.639999999999602,1506.4111658498584,0.0,-2.603498729334053,-8.296652540705493,2.1110994734588964,9.240578321244204,0
7.643999999999601,1507.0564487112388,0.0,-2.636958069829774,-8.434325481586095,2.147316744919193,8.86669904477907,0
7.647999999999601,1507.6863903127685,0.0,-2.6709832793114536,-8.579454426742272,2.1820216707548745,8.484279101484782,0
7.6519999999996005,1508.3021977730214,0.0,-2.705602517514169,-8.731188813248341,2.2151786847284214,8.092645141273854,0
7.6559999999996,1508.9050886433486,0.0,-2.74084031817177,-8.88856566020625,2.2467498700564423,7.691295564317951,0
7.6599999999996,1509.496297284367,0.0,-2.7767171354551756,-9.05050828926176,2.276695648401942,7.279901018204585,0
7.663999999999599,1510.07707763467,0.0,-2.8132488933942525,-9.215829116521586,2.304975464379009,6.858301542165515,0
7.667999999999599,1510.6487023983816,0.0,-2.8504465546375357,-9.383236504036622,2.331548450973587,6.426499816936899,0
7.671999999999598,1511.2124588150732,0.0,-2.888315724280883,-9.55134536675107,2.3563740597748133,5.9846503177078025,0
7.675999999999598,1511.7696413261808,0.0,-2.926856302676228,-9.718690931069252,2.3794126398640465,5.533044553952261,0
7.679999999999597,1512.3215415974407,0.0,-2.966062198164124,-9.883744774028214,2.4006259507372025,5.072092974118533,0
7.683999999999597,1512.8694364780322,0.0,-3.00592110677087,-10.044932077928358,2.4199775976800115,4.602304468876363,0
7.6879999999995965,1513.4145745582289,0.0,-3.0464143614355272,-10.200648947786146,2.4374333823291945,4.124264678503175,0
7.691999999999596,1513.9581620186336,0.0,-3.087516848756593,-10.349278678456892,2.4529615663226796,3.638614461520935,0
7.695999999999596,1514.5013484436256,0.0,-3.129196987092417,-10.489206027635142,2.466533051439285,3.146029891772203,0
7.699999999999595,1515.0437140829679,0.0,3.1117685505712487,-10.618828834898283,2.4781214848760165,2.647205017481022,0
7.703999999999595,1515.5856075947365,0.0,3.0690535372414764,-10.736566694742372,2.4877033027611315,2.142838354720943,0
7.707999999999594,1516.127909453743,0.0,3.025893935406124,-10.840866802134913,2.4952577282014623,1.6336237300953096,0
7.711999999999594,1516.6713998999362,0.0,2.9823465501850563,-10.930207497473598,2.500766741804876,1.120245673127502,0
7.715999999999593,1517.2167519337395,0.0,2.9384742073703727,-11.003100400770546,2.504215042561178,0.6033791300551461,0
7.719999999999593,1517.764526444921,0.0,2.894345616657514,-11.058092305023067,2.5055900152291297,0.08369286662116371,0
7.7239999999995925,1518.3151696284058,0.0,2.8500352255707426,-11.093768166649802,2.5048817171308393,-0.4381444191264422,0
7.727999999999592,1518.8690128708163,0.0,2.805623056927949,-11.108756565369367,2.5020828927785868,-0.9614565169958103,0
7.731999999999592,1519.4262753491057,0.0,2.7611945174073504,-11.101738894257352,2.497189019429209,-1.4855520638364328,0
7.735999999999591,1519.9870696498092,0.0,2.716840160155556,-11.071463277351237,2.490198380888744,-2.0097182991942577,0
7.739999999999591,1520.5514107717174,0.0,2.6726553812152325,-11.016763802928608,2.4811121611626294,-2.5332176070276002,0
7.74399999999959,1521.119228891536,0.0,2.6287400282039073,-10.936585121313106,2.4699345443176934,-3.0552880469485837,0
7.74799999999959,1521.690386228611,0.0,2.585197900738251,-10.830011820081253,2.4566728026710436,-3.575148780162657,0
7.751999999999589,1522.2646982247281,0.0,2.5421361258045962,-10.696301307328538,2.4413373525591595,-4.0920109018651925,0
7.755999999999589,1522.8419590529586,0.0,2.499664397693433,-10.534918274226095,2.423941755797765,-4.605093731551026,0
7.759999999999589,1523.4219711949072,0.0,2.457894080988485,-10.345568254043954,2.4045026457098473,-5.113646125956087,0
7.763999999999588,1524.0045785042548,0.0,2.4169371858345237,-10.128227432531505,2.383039559283043,-5.616971916474581,0
7.767999999999588,1524.5897018468818,0.0,2.376905236377567,-9.883165769720007,2.359574661414138,-6.114458188544515,0
7.771999999999587,1525.1773761246789,0.0,2.33790806469813,-9.610960714204403,2.334132352888874,-6.60560486552851,0
7.775999999999587,1525.7677873035448,0.0,2.3000525724507845,-9.312499334191672,2.306738760130708,-7.090053971840736,0
7.779999999999586,1526.361308019813,0.0,2.2634415095625755,-8.988967511541592,2.277421111122276,-7.567617046264051,0
7.783999999999586,1526.958530459542,0.0,2.2281723227824166,-8.641825854279043,2.2462070075306446,-8.038299448012404,0
7.7879999999995855,1527.5602954940293,0.0,2.194336126108059,-8.272773053454726,2.213123607308898,-8.502320712150556,0
7.791999999999585,1528.16771749001,0.0,2.1620168401803603,-7.883698402561229,2.1781967344301805,-8.96013061631993,0
7.795999999999585,1528.782204751419,0.0,2.1312905392008403,-7.476625984958341,2.141449932688639,-9.412421158051245,0
7.799999999999584,1529.4054761372302,0.0,2.102225032817497,-7.0536535245155925,2.1029034786617853,-9.860135155245205,0
7.803999999999584,1530.0395749828988,0.0,2.07487969803044,-6.616889043272665,2.0625733651581353,-10.304472628826145,0
7.807999999999583,1530.68688198859,0.0,2.0493055638580273,-6.16838828542749,2.020470261093786,-10.746896482842832,0
7.811999999999583,1531.3501292024898,0.0,2.0255456405164978,-5.710095401498471,1.9765984471229707,-11.189139261703318,0
7.815999999999582,1532.0324176226795,0.0,2.0036354761702846,-5.2437887209534555,1.9309547188279748,-11.633212954721618,0
7.819999999999582,1532.7372412913792,0.0,1.9836039185242598,-4.771032667372349,1.883527241087009,-12.08142396773998,0
7.8239999999995815,1533.4685211083392,0.0,1.9654740559129564,-4.293136072513461,1.8342943284653206,-12.536395532806653,0
7.827999999999581,1534.2306520127197,0.0,1.9492643130481255,-3.8111163913662613,1.7832231170157282,-13.001100026512571,0
7.831999999999581,1535.0285677595305,0.0,1.934989679947261,-3.32566865197,1.7302680824422616,-13.478903962169257,0
7.83599999999958,1535.8678283502495,0.0,1.9226630583941073,-2.837137409875647,1.6753693477084965,-13.973628852587892,0
7.83999999999958,1536.7547363921483,0.0,1.9122967181553747,-2.3454895175301638,1.618450709244911,-14.489631740017403,0
7.843999999999579,1537.6964904104484,0.0,1.9039038646939836,-1.8502851559119968,1.5594172942283944,-15.031909964915531,0
7.847999999999579,1538.7013856116723,0.0,1.897500330893461,-1.3506443122878082,1.4981527413393216,-15.606235648148406,0
7.851999999999578,1539.7790760247187,0.0,1.8931064168749714,-0.8452057685799018,1.434515773718859,-16.219326220890842,0
7.855999999999578,1540.9409165778327,0.0,1.8907489135285651,-0.3320758352033317,1.368336006486281,-16.87905770585275,0
7.8599999999995775,1542.2004096919968,0.0,1.890463355104778,0.19123510725327653,1.2994088059169968,-17.594726276157203,0
7.863999999999577,1543.5737882593799,0.0,1.8922965500143931,0.7278878681582456,1.2274890036069088,-18.377358504691834,0
7.867999999999577,1545.0807743177268,0.0,1.8963094277679993,1.28179542968971,1.1522832911910754,-19.240056362550668,0
7.871999999999576,1546.7455565154771,0.0,1.9025801926558614,1.8576904778537893,1.0734412383392389,-20.19832785268195,0
7.875999999999576,1548.5980188072306,0.0,1.9112076479274336,2.4611311515746745,0.9905452120333553,-21.270272962577348,0
7.879999999999575,1550.675199777543,0.0,1.922314249461909,3.0983332050199626,0.9031003124975747,-22.47631401455031,0
7.883999999999575,1553.0227980189698,0.0,1.9360477646793157,3.7755822646076673,0.8105273655308505,-23.83777051996423,0
7.8879999999995745,1555.6961067939621,0.0,1.9525789435727852,4.4977079869326015,0.7121662240987945,-25.372782097175513,0
7.891999999999574,1558.7587419130934,0.0,1.9720896321362567,5.264607829227098,0.6073052951136795,-27.08661527301972,0
7.895999999999574,1562.2754588935443,0.0,1.9947403762118512,6.064140705873611,0.49526909418353426,-28.951358551334547,0
7.899999999999573,1566.2923753612215,0.0,2.020599314963828,6.85973023174175,0.3756174988602776,-30.869877031986128,0
7.903999999999573,1570.7979300528664,0.0,2.0495133174437576,7.575057782525159,0.24851450296419664,-32.630429175940655,0
7.907999999999572,1575.6734371559673,0.0,2.0809352683939437,8.091708227611994,0.11523039503832067,-33.89775013329443,0
7.911999999999572,1580.6795573068066,0.0,2.1138178594188126,8.289236212045695,-0.021539880121029142,-34.32710169562087,0
7.915999999999571,1585.5293081409752,0.0,2.146759145032334,8.123474153393728,-0.15808263997758587,-33.790728185013016,0
7.919999999999571,1590.004033730779,0.0,2.178409568876944,7.662636764117739,-0.2908295179722522,-32.48284693825105,0
7.9239999999995705,1594.0072509882893,0.0,2.2078360166237623,7.032859848378011,-0.4173977676253493,-30.76189909543864,0
7.92799999999957,1597.5389429530694,0.0,2.2345963212353155,6.344386778126376,-0.5367932373066484,-28.93769479253728,0
7.93199999999957,1600.647127618266,0.0,2.2586030961045687,5.663679841511365,-0.6490096821583506,-27.192763659450648,0
7.935999999999569,1603.393726604978,0.0,2.2799573784581177,5.021005940454858,-0.754548890161546,-25.60608709562384,0
7.939999999999569,1605.838212875433,0.0,2.2988345214261017,4.425548743355309,-0.8540970488943938,-24.19756111694187,0
7.943999999999568,1608.0319597021764,0.0,2.315423659588628,3.876386564133785,-0.9483573942196433,-22.95974227687799,0
7.947999999999568,1610.0174370011769,0.0,2.3299007403386724,3.3685365953707898,-1.0379791859584238,-21.875018804687613,0
7.951999999999567,1611.8291732756732,0.0,2.342418835081414,2.895854633277045,-1.1235352780465284,-20.92364301566607,0
7.955999999999567,1613.4951487010637,0.0,2.353106371464854,2.452288191160745,-1.2055212720210804,-20.08705423506398,0
7.9599999999995665,1615.0381219302924,0.0,2.3620686072496007,2.0323448872550767,-1.2843629833131978,-19.349003209161353,0
7.963999999999566,1616.4767449885685,0.0,2.3693901800148645,1.6312106115188842,-1.3604262263696434,-18.695725371522034,0
7.967999999999566,1617.8264537724522,0.0,2.3751377958066158,1.2447233066471095,-1.4340264258594795,-18.11574311259822,0
7.971999999999565,1619.1001645413367,0.0,2.3793626915185406,0.8692960572680828,-1.5054371555646746,-17.599554219888017,0
7.975999999999565,1620.308815057049,0.0,2.3821027615878876,0.5018303826001067,-1.5748973968474127,-17.1393138666007,0
7.979999999999564,1621.4617854586693,0.0,2.3833843483910613,0.13963640645772912,-1.642617585142637,-16.72855010441383,0
7.983999999999564,1622.5672273815476,0.0,2.383223737889047,-0.21963421251115067,-1.7087846058752012,-16.361923521339357,0
7.9879999999995634,1623.6323233861608,0.0,2.3816284150961806,-0.5780412651204279,-1.7735659161229274,-16.035029762451632,0
7.991999999999563,1624.6634933681994,0.0,2.3785981353225196,-0.9373952626404359,-1.837112953187293,-15.744239344570344,0
7.995999999999563,1625.666560370706,0.0,2.3741258644267447,-1.2992837634497427,-1.899563966007924,-15.48656822693814,0
7.999999999999562,1626.6468849383464,0.0,2.368198638618395,-1.6650853509483619,-1.9610463799108526,-15.259572896644853,0
8.003999999999563,1627.609474617484,0.0,2.3607983926757434,-2.0359714316750313,-2.0216787813513353,-15.0612644212897,0
8.007999999999562,1628.5590732018302,0.0,2.3519028058368328,-2.4128954938229144,-2.0815725885991005,-14.890036607500686,0
8.011999999999562,1629.500232675187,0.0,2.341486217186386,-2.796568898285798,-2.140833455982764,-14.744603933127229,0
8.015999999999561,1630.4373693669104,0.0,2.329520667213501,-3.187421707435751,-2.199562442688377,-14.623945237574732,0
8.01999999999956,1631.3748044989516,0.0,2.3159771292583926,-3.5855465382358207,-2.2578569613144284,-14.527249254811064,0
8.02399999999956,1632.3167879820057,0.0,2.30082700345703,-3.9906230398937765,-2.315811505602973,-14.453857986284538,0
8.02799999999956,1633.2675029654538,0.0,2.2840439557234227,-4.401820496304307,-2.3735181403685868,-14.403203707021996,0
8.03199999999956,1634.2310472707577,0.0,2.2656061936441496,-4.81767650833764,-2.4310667194167106,-14.374735217318884,0
8.035999999999559,1635.2113865437777,0.0,2.2454992768736624,-5.235951156262104,-2.4885447797362694,-14.36782905038369,0
8.039999999999559,1636.212273004111,0.0,2.223719556522248,-5.653459131120709,-2.546037044379477,-14.38168215608433,0
8.043999999999558,1637.237123537425,0.0,2.2002783178595635,-6.065887933175262,-2.6036244563015956,-14.415184769025803,0
8.047999999999558,1638.288852368506,0.0,2.175206651362675,-6.467619345177776,-2.6613826682670663,-14.466776631061036,0
8.051999999999557,1639.369657790794,0.0,2.148560983152283,-6.851584673524086,-2.71937994076621,-14.5342974193109,0
8.055999999999557,1640.4807706792708,0.0,2.1204290409111444,-7.209201190855657,-2.7776744648318816,-14.61485359348028,0
8.059999999999556,1641.6221856228321,0.0,2.0909358060504353,-7.530454611364197,-2.8363112430256763,-14.70473784955746,0
8.063999999999556,1642.792412793207,0.0,2.060248718833794,-7.804202699377302,-2.8953188332291804,-14.799449884749183,0
8.067999999999556,1643.988306409744,0.0,2.028581112495889,-8.018765742249164,-2.954706465583161,-14.89387016451554,0
8.071999999999555,1645.2050361659922,0.0,1.9961926625916107,-8.162826456925536,-3.01446222362064,-14.982621120898042,0
8.075999999999555,1646.4362609162183,0.0,1.963385701499785,-8.226578642628732,-3.074553037889748,-15.06060528655984,0
8.079999999999554,1647.6745315019546,0.0,1.9304967044693768,-8.202955686251867,-3.134927068990275,-15.123643052836748,0
8.083999999999554,1648.9091837975452,0.0,1.897883124272603,-8.08868039256451,3.087666692894169,-15.169069762012734,0
8.087999999999553,1650.1321333088836,0.0,1.8659068471198559,-7.8848636250418345,3.0269302579465034,-15.19613070161129,0
8.091999999999553,1651.3365453397864,0.0,1.8349164798741704,-7.596973459072674,2.966120569885412,-15.206058406591154,0
8.095999999999552,1652.517057800666,0.0,1.8052310560286315,-7.234172476977115,2.9053007384649634,-15.201816741648171,0
8.099999999999552,1653.670114988649,0.0,1.7771273860081678,-6.808199272955584,2.844519361832112,-15.187601769519825,0
8.103999999999552,1654.7940585023557,0.0,1.750832337897105,-6.332070177937267,2.783806778469506,-15.168248799154906,0
8.107999999999551,1655.889012706599,0.0,1.7265202142370057,-5.818868223070241,2.7231736327237055,-15.148688952488513,0
8.11199999999955,1656.956633648017,0.0,1.7043144820210472,-5.280797912727444,2.662611352480475,-15.133546236471922,0
8.11599999999955,1657.9997949830395,0.0,1.6842926226157395,-4.728573207720428,2.6020939017483924,-15.126903016239504,0
8.11999999999955,1659.0222708923461,0.0,1.6664927878440388,-4.171117690304598,2.5415801610948447,-15.132214861449544,0
8.12399999999955,1660.0284552682695,0.0,1.6509211423442878,-3.6155078142636436,2.4810164172285267,-15.152333620437796,0
8.127999999999549,1661.0231369269195,0.0,1.6375590833169866,-3.0670777119729764,2.4203386169925807,-15.18959545870052,0
8.131999999999548,1662.0113361427386,0.0,1.6263698409944283,-2.529613404916466,2.359474198946933,-15.245939217419444,0
8.135999999999548,1662.998199058352,0.0,1.6173042167103837,-2.005582406992607,2.298343431080827,-15.323032097320285,0
8.139999999999548,1663.9889424369553,0.0,1.6103053936804983,-1.4963632402230198,2.2368602536332824,-15.422390036856859,0
8.143999999999547,1664.9888402959143,0.0,1.6053128659879192,-1.002454429179934,2.1749326604119066,-15.545487717731156,0
8.147999999999547,1666.003244871584,0.0,1.6022655903021388,-0.5236531717711934,2.112462661791173,-15.693857962711784,0
8.151999999999546,1667.0376361918509,0.0,1.6011044894790025,-0.05920060287201251,2.0493458674003797,-15.869183069233857,0
8.155999999999546,1668.0976967289794,0.0,1.6017744411644017,0.3921056621035051,1.985470713068584,-16.073382099578534,0
8.159999999999545,1669.1894099156555,0.0,1.6042258777332812,0.8318292554041402,1.9207173387443408,-16.30869893635784,0
8.163999999999545,1670.3191836760764,0.0,1.6084161127582526,1.2618401180113215,1.8549561039023637,-16.577796448340035,0
8.167999999999545,1671.4940026282998,0.0,1.614310497862931,1.684284226267459,1.7880457042679962,-16.883862676441993,0
8.171999999999544,1672.7216154281657,0.0,1.62188350437836,2.1015760163948953,1.7198308287892976,-17.230735736826325,0
8.175999999999544,1674.0107671053354,0.0,1.6311198182055335,2.5164124753814767,1.6501392667760193,-17.6230552426373,0
8.179999999999543,1675.3714905335464,0.0,1.6420155342150977,2.9318089090177093,1.5787783411630665,-18.06644949924152,0
8.183999999999543,1676.8154768226543,0.0,1.6545795386543958,3.351157431109962,1.5055305035073285,-18.567769402977333,0
8.187999999999542,1678.3565519520519,0.0,1.6688351739759284,3.7783100399839853,1.4301478795118943,-19.135381412346142,0
8.191999999999542,1680.0112969196844,0.0,1.6848222886156883,4.2176882979741785,1.3523455036374923,-19.779531916196184,0
8.195999999999541,1681.7998612727745,0.0,1.7025997799625507,4.674420009986145,1.2717929389212141,-20.512790706107726,0
8.199999999999541,1683.747034024138,0.0,1.7222487305650525,5.154497335431179,1.1881039744154034,-21.350564707190966,0
8.20399999999954,1685.8836465004943,0.0,1.743876187875614,5.6649345074482795,1.1008242050755905,-22.311627417700368,0
8.20799999999954,1688.2483721009917,0.0,1.7676194817653368,6.21386313907969,1.009416712667445,-23.418494919208744,0
8.21199999999954,1690.8899114537517,0.0,1.7936505626521253,6.810408297063018,0.9132472130456843,-24.69720579750341,0
8.21599999999954,1693.8692843445135,0.0,1.8221788416701017,7.463972908676711,0.8115728941915346,-26.175433994786005,0
8.219999999999539,1697.261188283703,0.0,1.8534487072384813,8.182093226535976,0.7035458523264246,-27.876497024427575,0
8.223999999999538,1701.1514775357998,0.0,1.8877229267093405,8.965137554033468,0.5882565722672042,-29.80417886838393,0
8.227999999999538,1705.6238329437808,0.0,1.9252337991255253,9.794917073471506,0.4648705293258084,-31.909650918315382,0
8.231999999999537,1710.7234268092514,0.0,1.9660718480115875,10.614792546047294,0.3329473190447798,-34.03304795552707,0
8.235999999999537,1716.3896127569765,0.0,2.009986815751656,11.308760348077605,0.19301911004362848,-35.8410535970231,0
8.239999999999537,1722.3909301659833,0.0,2.0561559594932994,11.714472986831755,0.04727176649995535,-36.862860211096425,0
8.243999999999536,1728.3583752668328,0.0,2.1031500618711654,11.71121017402521,-0.10034464300426471,-36.7460953332743,0
8.247999999999536,1733.9462683141605,0.0,2.1493244238892117,11.32154665538951,-0.24524630085208754,-35.554410442792616,0
8.251999999999535,1738.967323870835,0.0,2.1933998060225868,10.689930499538033,-0.3839030776769099,-33.705057347548724,0
8.255999999999535,1743.3907336311165,0.0,2.234729757452193,9.970573555965458,-0.5146095286602055,-31.641448496863774,0
8.259999999999534,1747.2710223731733,0.0,2.2731811029378797,9.261890078308078,-0.6371289342200126,-29.643149159392284,0
8.263999999999534,1750.6896704154558,0.0,2.308899644716675,8.60825405439084,-0.752009212373209,-27.832776312843997,0
8.267999999999534,1753.7265180934164,0.0,2.342137900672938,8.022239738861016,-0.860085311704986,-26.241765039212453,0
8.271999999999533,1756.4500743982082,0.0,2.3731652748891676,7.501850746836254,-0.9622237954192912,-24.860682281782672,0
8.275999999999533,1758.9161678274302,0.0,2.402230460426697,7.039747006007254,-1.0592191820140782,-23.66585436734458,0
8.279999999999532,1761.1694564608854,0.0,2.4295495779684124,6.627408075438287,-1.1517640608660447,-22.63118090073261,0
8.283999999999532,1763.2455486523816,0.0,2.455305289397181,6.256776972755067,-1.2404500084946932,-21.732660893216714,0
8.287999999999531,1765.1729604480372,0.0,2.4796499286938136,5.920782671327769,-1.3257793015504211,-20.949723791676362,0
8.29199999999953,1766.9747143505447,0.0,2.5027096614203472,5.613403015894095,-1.4081789880977034,-20.26528209762085,0
8.29599999999953,1768.6695844655644,0.0,2.5245884996892727,5.329559991488625,-1.4880141086959109,-19.665339711574536,0
8.29999999999953,1770.273048726714,0.0,2.5453717830681413,5.064969765541632,-1.565599079676191,-19.13849859757053,0
8.30399999999953,1771.798013937622,0.0,2.5651290561785345,4.815995546829316,-1.64120713484732,-18.67549307744198,0
8.307999999999529,1773.2553694194532,0.0,2.5839163936721334,4.579519740510019,-1.7150780342804473,-18.268791772060982,0
8.311999999999529,1774.6544127022157,0.0,2.6017782597018986,4.352839123388265,-1.7874243265910597,-17.912271671135574,0
8.315999999999528,1776.003179852501,0.0,2.6187489929779275,4.133582154198862,-1.8584364388628192,-17.600956049610183,0
8.319999999999528,1777.3087044825643,0.0,2.6348540019750004,3.9196464042397596,-1.9282868264524033,-17.33080447886775,0
8.323999999999527,1778.5772230222633,0.0,2.6501107471744447,3.7091544331138566,-1.9971333673240463,-17.098543202766773,0
8.327999999999527,1779.8143389964414,0.0,2.664529582320238,3.5004274005590728,-2.065122140631363,-16.901525203576814,0
8.331999999999526,1781.0251553812586,0.0,2.678114526281618,3.291976964164176,-2.1323896888036162,-16.737610363218884,0
8.335999999999526,1782.214381230352,0.0,2.6908640421150345,3.0825174338921255,-2.1990648256173357,-16.605056854545264,0
8.339999999999526,1783.3864163580092,0.0,2.7027719107908723,2.871001652503587,-2.2652700180012557,-16.50241519200812,0
8.343999999999525,1784.5454157031384,0.0,2.7138283038349584,2.6566854911215976,-2.3311223350330903,-16.428416329030696,0
8.347999999999525,1785.6953329094076,0.0,2.7240211809091797,2.4392268413150715,-2.3967339229070355,-16.381845106479293,0
8.351999999999524,1786.8399405842235,0.0,2.7333381621403703,2.2188248395149577,-2.4622119304883703,-16.36139083135239,0
8.355999999999524,1787.9828227663372,0.0,2.741769043930667,1.9964025058746349,-2.5276577806072114,-16.365468866392597,0
8.359999999999523,1789.1273337799028,0.0,2.7493091276824195,1.77382902859984,-2.5931656671604952,-16.392012540007986,0
8.363999999999523,1790.2765178108443,0.0,2.7559634907079626,1.5541639950736301,-2.6588201751280205,-16.438245725321586,0
8.367999999999522,1791.432986732659,0.0,2.7617522147473323,1.3418827098995743,-2.72469299683183,-16.50046526689137,0
8.371999999999522,1792.5987618282472,0.0,2.7667163625723816,1.1430098789840377,-2.790838885726595,-16.573889139142434,0
8.375999999999522,1793.7750993797658,0.0,2.7709241344591575,0.965056087805725,-2.8572912714400234,-16.652655063330595,0
8.379999999999521,1794.962339201129,0.0,2.7744761747077504,0.8166372908714727,-2.9240583374056897,-16.730069446101513,0
8.38399999999952,1796.1598323569226,0.0,2.77750856768289,0.7066927174629862,-2.991120730901769,-16.799182042025777,0
8.38799999999952,1797.3660070997612,0.0,2.7801919191671693,0.6433273041038128,-3.0584322248642803,-16.85367440376049,0
8.39199999999952,1798.5786078467859,0.0,2.782725359568925,0.6324791983571448,-3.125924329174613,-16.888907409341037,0
8.39599999999952,1799.7924800475678,0.0,2.78532545312833,0.67677359750395,3.089670366153249,-16.90283783398065,0
8.399999999999519,1801.004475147608,0.0,2.7882115612347427,0.7749527141194631,3.0220654511302385,-16.89648543336248,0
8.403999999999519,1802.2128611356118,0.0,2.791590490327728,0.9221013022420246,2.954520400151921,-16.87376833812619,0
8.407999999999518,1803.4168444046165,0.0,2.795643551008368,1.110588117330357,2.887089064012767,-16.840769137929033,0
8.411999999999518,1804.6167034881985,0.0,2.8005182843909644,1.3313901397115198,2.819798341913822,-16.80470189682287,0
8.415999999999517,1805.8137626727223,0.0,2.8063255680164474,1.575395843189807,2.7526457233135613,-16.772906796272597,0
8.419999999999517,1807.0102597828727,0.0,2.813141374748888,1.8343947521114248,2.6856003813905325,-16.752106125146394,0
8.423999999999516,1808.2091706973474,0.0,2.821011653619678,2.1016457113899145,2.6186065600538164,-16.748003070703056,0
8.427999999999516,1809.4140400016515,0.0,2.829958696869248,2.372067489820839,2.5515879342782224,-16.765182811034542,0
8.431999999999515,1810.6288468372088,0.0,2.839987703346214,2.642167713861009,2.484451919426707,-16.807219495384217,0
8.435999999999515,1811.8579174448623,0.0,2.851092740615666,2.909831726799066,2.4170933072531264,-16.87689134181803,0
8.439999999999515,1813.1058848330504,0.0,2.863261743606081,3.1740644743026385,2.3493969509982175,-16.97643154241272,0
8.443999999999514,1814.3776910016895,0.0,2.8764804880974744,3.4347428977461805,2.2812394500776856,-17.107772793650497,0
8.447999999999514,1815.6786263025012,0.0,2.8907356459593636,3.6924072744269454,2.212489902764812,-17.272767281997947,0
8.451999999999513,1817.0144019757809,0.0,2.9060171016593905,3.948101023294412,2.14300983422166,-17.47337946949797,0
8.455999999999513,1818.3912544565167,0.0,2.922319724761355,4.203258283245999,2.0726523988155554,-17.711857594511134,0
8.459999999999512,1819.8160830951326,0.0,2.939644780296767,4.459634304746212,2.0012609226423006,-17.990893941299312,0
8.463999999999512,1821.2966263502972,0.0,2.9580011366806076,4.7192729262421205,1.928666807754893,-18.313785803565104,0
8.467999999999511,1822.8416854464265,0.0,2.977406409622521,4.984506457869027,1.8546867696084428,-18.684610176890825,0
8.471999999999511,1824.461409329733,0.0,2.997888165388723,5.257985190541856,1.779119324682056,-19.108426506100407,0
8.47599999999951,1826.1676610921695,0.0,3.019485300070368,5.542735997872536,1.7017403841852463,-19.591523842073492,0
8.47999999999951,1827.974494693566,0.0,3.0422497141273723,5.842251880860487,1.6222977386100794,-20.141731803245314,0
8.48399999999951,1829.8987829381558,0.0,3.0662484136495216,6.160616672595259,1.540504132588234,-20.768818720478812,0
8.48799999999951,1831.9610547348898,0.0,3.091566190915202,6.502671148332329,1.4560285275353513,-21.485004457396116,0
8.491999999999509,1834.1866233465626,0.0,3.1183090639825792,6.874227510170688,1.368485034858332,-22.305616923713593,0
8.495999999999508,1836.6068664037496,0.0,-3.1365766286750727,7.2823359502387675,1.2774188982082233,-23.24991258941724,0
8.499999999999508,1839.2605580566653,0.0,-3.106557440343348,7.735592675240164,1.182288884481662,-24.342042088846487,0
8.503999999999508,1842.1988430178646,0.0,-3.074617862259931,8.244435292181464,1.0824457206004388,-25.61201989839762,0
8.507999999999507,1845.487719166025,0.0,-3.040511394989448,8.821253158039868,0.9771073438708413,-27.096218951310597,0
8.511999999999507,1849.2123438425401,0.0,-3.0039387946080076,9.479834867997813,0.8653351454686833,-28.836026890134093,0
8.515999999999506,1853.4806751229921,0.0,-2.9645463913534265,10.232923432903176,0.7460245975534443,-30.87110315687927,0
8.519999999999506,1858.4217857766873,0.0,-2.921942410625615,11.084961237000503,0.6179466273596823,-33.21869492187649,0
8.523999999999505,1864.165923536231,0.0,-2.8757611583535834,12.014168626801045,0.4799268457082224,-35.821695382485764,0
8.527999999999505,1870.7799059951255,0.0,-2.825832427620387,12.93722841820399,0.3313317006534522,-38.44513787169984,0
8.531999999999504,1878.1376985819163,0.0,-2.7725139090775883,13.66923120041611,0.17303531457667187,-40.55716324511783,0
8.535999999999504,1885.8091557773753,0.0,-2.7170770495174494,13.956181944638285,0.008553176827820863,-41.42109008153964,0
8.539999999999504,1893.187611648791,0.0,-2.6616574718280006,13.658672203299622,-0.15608907648037196,-40.631833052418756,0
8.543999999999503,1899.8236855694022,0.0,-2.608430748841858,12.898422101066016,-0.31475426635855186,-38.54537853278663,0
8.547999999999503,1905.5752093491342,0.0,-2.558744940738915,11.929188678723218,-0.4637182136465601,-35.900044458844455,0
8.551999999999502,1910.5042043160283,0.0,-2.5130133309253395,10.944146094579384,-0.6019676320612684,-33.25352322615714,0
8.555999999999502,1914.7426764770053,0.0,-2.471090786816255,10.032723136152855,-0.7300915471793141,-30.85973401333132,0
8.559999999999501,1918.4232470026739,0.0,-2.4326198830195978,9.219183153298856,-0.8492726512681452,-28.783856410696963,0
8.563999999999501,1921.6572033975892,0.0,-2.3972117940349342,8.499527777865419,-0.9607669484996428,-27.010691008698192,0
8.5679999999995,1924.5323254408884,0.0,-2.3645159315630444,7.860644853657517,-1.0657085483881668,-25.50027652808329,0
8.5719999999995,1927.1165650935318,0.0,-2.334238212401292,7.2881317758151365,-1.165062784457719,-24.210266604381726,0
8.5759999999995,1929.4625099627033,0.0,-2.3061398580867127,6.768951723501663,-1.2596344421892818,-23.10330170959971,0
8.5799999999995,1931.6111860857352,0.0,-2.2800303136368036,6.2920487700928796,-1.350091865525549,-22.148540962245505,0
8.583999999999499,1933.5949811418168,0.0,-2.255759404472567,5.848245993830895,-1.436992432181107,-21.32119567648623,0
8.587999999999498,1935.4398120098965,0.0,-2.23321040316738,5.4299418384937805,-1.5208048346328145,-20.601538112496975,0
8.591999999999498,1937.1667164940172,0.0,-2.2122943755710764,5.03079080583609,-1.6019272931729818,-19.97390416121249,0
8.595999999999497,1938.7930251591033,0.0,-2.192945726944444,4.645427221434444,-1.6807020539350317,-19.425843658549862,0
8.599999999999497,1940.333231665616,0.0,-2.175118743130639,4.269244136896925,-1.7574268300668408,-18.947440210171475,0
8.603999999999496,1941.7996471327758,0.0,-2.1587849102283414,3.8982241568828546,-1.8323638296250966,-18.53077995443993,0
8.607999999999496,1943.2028991349046,0.0,-2.143930818085394,3.528815615062574,-1.9057469061773524,-18.169539076816456,0
8.611999999999496,1944.5523179467975,0.0,-2.1305564780997557,3.1578484899346986,-1.9777872483138434,-17.858661276308148,0
8.615999999999495,1945.8562398171885,0.0,-2.1186739036324234,2.782486888928506,-2.0486779171460867,-17.594100545141078,0
8.619999999999495,1947.1222477551707,0.0,-2.1083058083097193,2.4002178237429854,-2.1185974505882417,-17.37260862263256,0
8.623999999999494,1948.3573633051392,0.0,-2.0994842725752463,2.008879019925557,-2.18771267694194,-17.19154942428862,0
8.627999999999494,1949.5681971142933,0.0,-2.0922492118645373,1.6067314900499545,-2.2561808134111825,-17.048724514756312,0
8.631999999999493,1950.7610610585773,0.0,-2.086646451324164,1.192585276725071,-2.3241508633743457,-16.942194538495027,0
8.635999999999493,1951.9420398017546,0.0,-2.082725174450399,0.7659884867048248,-2.3917642668520926,-16.870082008457004,0
8.639999999999493,1953.1170147103398,0.0,-2.0805344726315944,0.3274891418539167,-2.459154702072233,-16.830342018738552,0
8.643999999999492,1954.2916282934057,0.0,-2.0801186930175817,-0.12102596090470591,-2.5264468883645907,-16.820491099443952,0
8.647999999999492,1955.4711738549622,0.0,-2.0815112894819023,-0.5759250516122228,-2.5937542171354533,-16.83729344452141,0
8.651999999999491,1956.6603951892941,0.0,-2.0847269693100436,-1.031394753231482,-2.6611750672755274,-16.876421989590575,0
8.65599999999949,1957.8631888417335,0.0,-2.089752158895603,-1.4790544239756624,-2.7287877889599095,-16.932142931064394,0
8.65999999999949,1959.0822215855421,0.0,-2.096534253129704,-1.9077624781808797,-2.7966446180835813,-16.997115969616452,0
8.66399999999949,1960.3185114224661,0.0,-2.1049707979869154,-2.303813084014566,-2.8647652463812,-17.062447729668854,0
8.66799999999949,1961.57106714479,0.0,-2.114900601401594,-2.6517356707080557,-2.9331313728105055,-17.11815306362573,0
8.671999999999489,1962.8367206507558,0.0,-2.1260994828670547,-2.9358202916530884,-3.0016841006443116,-17.15412280635281,0
8.675999999999489,1964.1102852921651,0.0,-2.1382834447913446,-3.142258211467111,-3.0703261482505457,-17.161533000811097,0
8.679999999999488,1965.3851039152794,0.0,-2.151120956012445,-3.261457021082784,-3.138930111596247,-17.134390863561975,0
8.683999999999488,1966.6506139028481,0.0,-2.1642537088545417,-3.2898394922173506,3.0758329292070368,-17.070726718068233,0
8.687999999999487,1967.8998342496102,0.0,-2.177322419444664,-3.2304838547166344,3.0077350063893373,-16.972974340641567,0
8.691999999999487,1969.1271828433719,0.0,-2.189992384588731,-3.09236902278484,2.940086368588158,-16.847380442313455,0
8.695999999999486,1970.3288868459385,0.0,-2.201973668520939,-2.8885359899573633,2.8729814730858596,-16.70268391291805,0
8.699999999999486,1971.5031489851558,0.0,-2.2130328556940064,-2.6338305871186405,2.8064774543076147,-16.54855404924484,0
8.703999999999485,1972.6500017009798,0.0,-2.2229960663286263,-2.342883377663706,2.7405932105059048,-16.39425246170951,0
8.707999999999485,1973.7709764294582,0.0,-2.231745060488315,-2.02870973863259,2.6753129341433173,-16.24777011178345,0
8.711999999999485,1974.86871268577,0.0,-2.2392091392807636,-1.7019981268715205,2.610592080947857,-16.1154589717929,0
8.715999999999484,1975.9465938813769,0.0,-2.2453553663879795,-1.370949896784675,2.546364012969379,-16.002037522587848,0
8.719999999999484,1977.0084537590699,0.0,-2.2501789118745705,-1.041466733884652,2.4825461356690113,-15.910813178913898,0
8.723999999999483,1978.0583650010649,0.0,-2.2536945303041165,-0.7175045647912223,2.4190449352851395,-15.843991929543025,0
8.727999999999483,1979.1005032718126,0.0,-2.2559295697701955,-0.40146925058923466,2.355759748890309,-15.802992372001352,0
8.731999999999482,1980.1390726296586,0.0,-2.256918522934569,-0.09458403888624883,2.2925853440848627,-15.78872270140922,0
8.735999999999482,1981.1782774636367,0.0,-2.256698935645268,0.20280179244798457,2.2294134907493834,-15.801807027319125,0
8.739999999999482,1982.222328399671,0.0,-2.2553084183753462,0.49097005158699397,2.1661337275211086,-15.84276273348411,0
8.743999999999481,1983.2754728663344,0.0,-2.2527825047639,0.7706516102117082,2.1026335031445615,-15.912137383119076,0
8.74799999999948,1984.3420441845049,0.0,-2.249153132019728,1.0428957793184028,2.0387978337169077,-16.01061558835321,0
8.75199999999948,1985.4265257771565,0.0,-2.2444475580041683,1.308980975171153,1.9745085756700398,-16.139105861648606,0
8.75599999999948,1986.5336293541095,0.0,-2.2386875682742584,1.5703577212911162,1.9096433764941576,-16.298816245718303,0
8.75999999999948,1987.6683878290428,0.0,-2.2318888587137025,1.8286168132211258,1.8440743326610392,-16.491326243261174,0
8.763999999999479,1988.8362654417567,0.0,-2.224060504371373,2.0854773039812917,1.7776663562253958,-16.718661572981347,0
8.767999999999478,1990.043289269292,0.0,-2.2152044431322793,2.3427906083448655,1.71027522682998,-16.983377666792094,0
8.771999999999478,1991.296208198808,0.0,-2.2053149148148847,2.602558396730061,1.6417452827862782,-17.28865757436201,0
8.775999999999478,1992.6026876892568,0.0,-2.1943778033315624,2.866963038132189,1.5719066822831458,-17.6384299468123,0
8.779999999999477,1993.9715514538038,0.0,-2.182369832843154,3.138410128224999,1.5005721429748196,-18.037512804160176,0
8.783999999999477,1995.4130847123693,0.0,-2.169257569808668,3.419582994611878,1.4275330459242603,-18.491788387900986,0
8.787999999999476,1996.9394179492012,0.0,-2.1549961836641636,3.7135087107195366,1.3525547715693058,-19.00841259289471,0
8.791999999999476,1998.5650148901966,0.0,-2.1395279236137625,4.023633388809719,1.2753711302406696,-19.59605721428421,0
8.795999999999475,2000.3072925255447,0.0,-2.1227802858846836,4.353899873232659,1.1956777791949715,-20.26517020005133,0
8.799999999999475,2002.1874010426277,0.0,-2.1046638918700076,4.708810265935783,1.1131246293333241,-21.028209115661912,0
8.803999999999474,2004.2311786836942,0.0,-2.0850702085790225,5.093432416882279,1.027307539202992,-21.89973693738048,0
8.807999999999474,2006.4702492968963,0.0,-2.0638694928981423,5.5132601923838385,0.9377602855361094,-22.896127701311592,0
8.811999999999474,2008.9430986567795,0.0,-2.040909881236299,5.97373583822824,0.8439493289429034,-24.034334950080993,0
8.815999999999473,2011.6956399171277,0.0,-2.0160196691778047,6.4790433828772995,0.7452771244412872,-25.328591327413083,0
8.819999999999473,2014.7800459363377,0.0,-1.9890170399942626,7.029427768893319,0.6411061760171322,-26.782857280919213,0
8.823999999999472,2018.2491872856328,0.0,-1.9597354362767518,7.615813450685774,0.5308276313585658,-28.375383378092675,0
8.827999999999472,2022.1419292077846,0.0,-1.928078175186446,8.210416754921926,0.4140144117617659,-30.031410953628015,0
8.831999999999471,2026.4541083991912,0.0,-1.8941177611788476,8.754447152896324,0.29070523188512176,-31.586900152970966,0
8.835999999999471,2031.0990878098687,0.0,-1.8582360460377494,9.152768803445086,0.16181080538238035,-32.77182405604725,0
8.83999999999947,2035.8875972977341,0.0,-1.8212360082889134,9.297389810248415,0.029442876809859797,-33.27714151188152,0
8.84399999999947,2040.5707243805684,0.0,-1.784281133213181,9.127328601443365,-0.1032542009247841,-32.92839690476143,0
8.84799999999947,2044.9342662855063,0.0,-1.748597251518074,8.674811841847783,-0.23296223153827,-31.82013909450478,0
8.85199999999947,2048.863569415574,0.0,-1.7151254243785452,8.040182767255576,-0.3571897516534026,-30.242552865887866,0
8.855999999999469,2052.338472064272,0.0,-1.6843777445959667,7.327812458021981,-0.4746810684791747,-28.495023710312807,0
8.859999999999468,2055.3938000359162,0.0,-1.6565104543370204,6.608585884106113,-0.585195563003694,-26.77820204552796,0
8.863999999999468,2058.08484447581,0.0,-1.6314692935106727,5.918430195899939,-0.6890826514368058,-25.191204160053925,0
8.867999999999467,2060.468372545489,0.0,-1.6091063758459008,5.270373252651937,-0.786944407992662,-23.767555161762033,0
8.871999999999467,2062.5949562124924,0.0,-1.5892484909323699,4.665517406436685,-0.8794415621648426,-22.507326270659608,0
8.875999999999467,2064.507053019246,0.0,-1.5717300590177778,4.099742346135185,-0.9672023948050494,-21.396506689944196,0
8.879999999999466,2066.239437240986,0.0,-1.5564063100353636,3.5671456373715147,-1.050788392053846,-20.416781592354283,0
8.883999999999466,2067.8203655618786,0.0,-1.5431568168951415,3.061623096405172,-1.1306870270885536,-19.549904299612546,0
8.887999999999465,2069.2728183430117,0.0,-1.5318848042934583,2.5775137285607967,-1.2073160038037969,-18.779385913167424,0
8.891999999999465,2070.615590619746,0.0,-1.522514865243803,2.109808389723791,-1.2810314685431532,-18.090955878666804,0
8.895999999999464,2071.864183149739,0.0,-1.5149902765554444,1.654169201117442,-1.352136869448037,-17.472503744470227,0
8.899999999999464,2073.0315074216273,0.0,-1.5092704076389296,1.2068761577131033,-1.420891132787192,-16.913831296825457,0
8.903999999999463,2074.1284363054956,0.0,-1.5053283942844473,0.7647536146889349,-1.4875157288198242,-16.406360237960683,0
8.907999999999463,2075.1642326692554,0.0,-1.5031491062080313,0.32509918671773136,-1.5522005867113844,-15.942854749445369,0
8.911999999999463,2076.1468834988787,0.0,-1.5027273784517732,-0.11437631190017827,-1.615108967369137,-15.517179476780633,0
8.915999999999462,2077.0833613297414,0.0,-1.5040664563430433,-0.5555954778824342,-1.6763814468333305,-15.12409669105006,0
8.919999999999462,2077.9798296536487,0.0,-1.507176600175388,-1.0001477174729438,-1.7361391623203648,-14.759099736266192,0
8.923999999999461,2078.841804789237,0.0,-1.5120737990624349,-1.4493107031112589,-1.7944864564960277,-14.418277760068692,0
8.92799999999946,2079.674283459156,0.0,-1.5187785494284576,-1.9040614990183058,-1.85151303445984,-14.098206569939553,0
8.93199999999946,2080.481842850542,0.0,-1.5273146601636398,-2.365079064118402,-1.907295728701012,-13.795861038696753,0
8.93599999999946,2081.268718085766,0.0,-1.5377080534606478,-2.832739885987292,-1.9618999503575054,-13.508545298126593,0
8.93999999999946,2082.038860663791,0.0,-1.5499855375010867,-3.307108590662532,-2.0153808917722813,-13.233837764250104,0
8.943999999999459,2082.795980449678,0.0,-1.5641735348474484,-3.787925538561235,-2.0677845349715565,-12.96954875297667,0
8.947999999999459,2083.5435731225825,0.0,-1.5802967588941534,-4.274593656140083,-2.1191485129585086,-12.713689041142707,0
8.951999999999458,2084.28493459615,0.0,-1.5983768402961545,-4.7661670409716175,-2.1695028651211334,-12.464448199742417,0
8.955999999999458,2085.023163769642,0.0,-1.6184309160334465,-5.2613441677810755,-2.2188707240952503,-12.220181872664599,0
8.959999999999457,2085.761155029026,0.0,-1.6404702055630729,-5.758468746723473,-2.2672689685966017,-11.979407392176322,0
8.963999999999457,2086.5015821660713,0.0,-1.6644986109233884,-6.255541355608489,-2.3147088745118243,-11.740807204363017,0
8.967999999999456,2087.2468757782303,0.0,-1.690511389878079,-6.7502447849166085,-2.3611967943538623,-11.50323951426173,0
8.971999999999456,2087.9991966896487,0.0,-1.7184939620041568,-7.239985498755487,-2.406734892446382,-11.265755344957878,0
8.975999999999456,2088.7604084063537,0.0,-1.748420915460219,-7.721952648595112,-2.4513219592987365,-11.027620841473686,0
8.979999999999455,2089.53205197737,0.0,-1.7802552852190132,-8.193194651833151,-2.494954323015893,-10.78834316272564,0
8.983999999999455,2090.315326759602,0.0,-1.8139481700508142,-8.650711516321572,-2.5376268678541525,-10.547697745730487,0
8.987999999999454,2091.1110803711417,0.0,-1.8494387441522377,-9.091559011005407,-2.5793341600586928,-10.305754181846561,0
8.991999999999454,2091.919810498289,0.0,-1.8866546995238913,-9.512958716501696,-2.620071669186613,-10.062897531924706,0
8.995999999999453,2092.7416801963823,0.0,-1.9255131277448427,-9.912406286096036,-2.659837060018546,-9.819841757978953,0
8.999999999999453,2093.5765469788726,0.0,-1.9659218168734967,-10.287769278943731,-2.6986315171964446,-9.577632182860777,0
9.003999999999452,2094.4240044914827,0.0,-2.0077809044126234,-10.637365999705102,-2.7364610535905154,-9.337634576431693,0
9.007999999999452,2095.283434144033,0.0,-2.0509847951351325,-10.960018038250563,-2.773337745910208,-9.101509592153283,0
9.011999999999452,2096.1540629557617,0.0,-2.0954242277382207,-11.255071564628098,-2.8092808387840993,-8.871172723032931,0
9.015999999999451,2097.0350232470337,0.0,-2.1409883606040196,-11.522385569649273,-2.8443176623187725,-8.64874149676841,0
9.01999999999945,2097.9254097720054,0.0,-2.1875667465078052,-11.762288637296598,-2.878484317905283,-8.436473019989684,0
9.02399999999945,2098.824330406472,0.0,-2.2350510788162694,-11.975508914823166,-2.9118261016051505,-8.236695956313126,0
9.02799999999945,2099.7309474501553,0.0,-2.2833366152509846,-12.163084213342636,-2.9443976517706965,-8.051741408516362,0
9.03199999999945,2100.6445077743265,0.0,-2.3323232157305576,-12.326260328916018,-2.976262825139516,-7.883876924435299,0
9.035999999999449,2101.564361232515,0.0,-2.3819159635403295,-12.466385679653586,-3.007494321079168,-7.7352470474149335,0
9.039999999999448,2102.4899677790395,0.0,-2.4320253698206997,-12.584809400144334,-3.0381730851124242,-7.6078226779168645,0
9.043999999999448,2103.4208944993675,0.0,-2.482567186931906,-12.682788465730582,-3.0683875293794305,-7.503360243749213,0
9.047999999999448,2104.3568042150305,0.0,-2.533461874972904,-12.761407628460567,-3.0982326093003802,-7.423370520371683,0
9.051999999999447,2105.297437514736,0.0,-2.5846337774371833,-12.821514279894902,-3.1278087932078122,-7.36909606983551,0
9.055999999999447,2106.241804489942,0.0,-2.6360100676945777,-12.863669052433739,3.1259643507167745,-7.341495768031331,0
9.059999999999446,2107.1890401119945,0.0,-2.687519529414079,-12.888112142517272,3.0966080820780526,-7.341234778979391,0
9.063999999999446,2108.1389688854433,0.0,-2.739091233115687,-12.894744981892972,3.067197519325715,-7.3686785659477225,0
9.067999999999445,2109.091384853627,0.0,-2.7906531694835515,-12.883126904872652,3.037621616535919,-7.423890018125322,0
9.071999999999445,2110.046025999019,0.0,-2.842130899119926,-12.852486711435368,3.007769681931329,-7.506629414931265,0
9.075999999999445,2111.002551684043,0.0,-2.8934462786425215,-12.80174933141409,2.9775325831175508,-7.61635763739535,0
9.079999999999444,2111.9605247515283,0.0,-2.944516324275561,-12.729577972584105,2.9468039313509955,-7.752243657000119,0
9.083999999999444,2112.9194000397797,0.0,-2.9952522755085695,-12.634432021090754,2.9154812248800503,-7.913177781446143,0
9.087999999999443,2113.878521144888,0.0,-3.0455589215636287,-12.51464043270882,2.883466925014286,-8.097792320422109,0
9.091999999999443,2114.8371271968376,0.0,-3.095334250520011,-12.368489351880076,2.8506694321076456,-8.304491182863345,0
9.095999999999442,2115.7942265193196,0.0,3.138715834028911,-12.194321261462118,2.8170039235071087,-8.531489401088356,0
9.099999999999442,2116.7466292533413,0.0,3.090335847813172,-11.99064125363241,2.7823930131404495,-8.776862725383952,0
9.103999999999441,2117.693464329218,0.0,3.0428317031512044,-11.756224289788143,2.7467671939659155,-9.038606343112743,0
9.107999999999441,2118.633908908745,0.0,2.996328195758725,-11.490215935345402,2.7100650306251595,-9.314700613224877,0
9.11199999999944,2119.5672520390203,0.0,2.9509526512013764,-11.192218380350104,2.672233080218067,-9.603180676773558,0
9.11599999999944,2120.4929639281936,0.0,2.9068329627975125,-10.862353878777263,2.6332255332001253,-9.902206113955408,0
9.11999999999944,2121.410766649801,0.0,2.8640954319917427,-10.501299180066463,2.59300358228921,-10.210126625623662,0
9.12399999999944,2122.3207017631344,0.0,2.8228625361343127,-10.110286979511422,2.5515345428050544,-10.525540086103994,0
9.127999999999439,2123.2231906096163,0.0,2.7832507583837085,-9.691073544603803,2.508790760866212,-10.847340195078012,0
9.131999999999438,2124.119083906427,0.0,2.745368611168221,-9.245874985241292,2.464748354561216,-11.17475219848103,0
9.135999999999438,2125.009698593448,0.0,2.7093149686676554,-8.777277584120984,2.4193858365595275,-11.507356540098671,0
9.139999999999437,2125.8968414986966,0.0,2.6751777975241673,-8.288129730540096,2.3726826644783117,-11.845101629247534,0
9.143999999999437,2126.782821037333,0.0,2.6430333423700105,-7.781424031277814,2.3246177583118985,-12.188307993051104,0
9.147999999999437,2127.6704496378857,0.0,2.612945788326833,-7.26017805852272,2.275168013543688,-12.537666828963085,0
9.151999999999436,2128.5630407500726,0.0,2.5849673907042074,-6.727321096075255,2.2243068255879983,-12.894236373345674,0
9.155999999999436,2129.4644050740103,0.0,2.5591390360803317,-6.185592459409523,2.17200262724052,-13.25943961454691,0
9.159999999999435,2130.3788510922564,0.0,2.5354911808361926,-5.637454842306314,2.1182174268023886,-13.635066808314576,0
9.163999999999435,2131.311195187954,0.0,2.5140451037212266,-5.085024004430417,2.0629053209750765,-14.02328612173113,0
9.167999999999434,2132.266786746047,0.0,2.494814407702446,-4.530014200594735,2.006010943502872,-14.426665658815695,0
9.171999999999434,2133.2515538375956,0.0,2.477806711983394,-3.9736971997201818,1.9474677974141663,-14.84821021295837,0
9.175999999999433,2134.272075569596,0.0,2.4630254861275063,-3.4168715860954153,1.8871964047341052,-15.291416440242266,0
9.179999999999433,2135.3356881463537,0.0,2.450471993155638,-2.859838235300501,1.8251021915153594,-15.760350835519692,0
9.183999999999433,2136.4506333606287,0.0,2.4401473260622595,-2.302377319574879,1.7610730064474716,-16.259755998788854,0
9.187999999999432,2137.6262608923494,0.0,2.4320545415839305,-1.743721808474733,1.69497614632958,-16.795192280974707,0
9.191999999999432,2138.873299809116,0.0,2.426200915884074,-1.1825220833159222,1.6266547292053133,-17.37322405950636,0
9.195999999999431,2140.2042205436483,0.0,2.4226003690755427,-0.6167959128147471,1.5559232136894714,-18.00166261321253,0
9.19999999999943,2141.633717060285,0.0,2.4212761292574356,-0.043857679698983576,1.4825618090433537,-18.689880632348046,0
9.20399999999943,2143.1793507959815,0.0,2.422263731497541,0.5397793236025746,1.4063094547964035,-19.44921603402796,0
9.20799999999943,2144.8624141853247,0.0,2.425614470550496,1.1385326802818883,1.3268549762959623,-20.293482721896318,0
9.21199999999943,2146.709092452995,0.0,2.4313994396001846,1.757913619264499,1.2438259652826602,-21.239597462239118,0
9.215999999999429,2148.752025433938,0.0,2.4397142703788823,2.404711066670964,1.1567749477778335,-22.308300605843886,0
9.219999999999429,2151.0323850560935,0.0,2.4506845862808255,3.0871518661023187,1.065162642248552,-23.52485860741102,0
9.223999999999428,2153.602550856267,0.0,2.4644718572558624,3.8149083071421934,0.9683389544610215,-24.919402536688324,0
9.227999999999428,2156.5292735715598,0.0,2.4812784820594906,4.59862120928126,0.8655247279641571,-26.52597756608502,0
9.231999999999427,2159.8965592025947,0.0,2.5013487788992386,5.448134019218481,0.7558033348173296,-28.378006608512266,0
9.235999999999427,2163.8056242311986,0.0,2.524957547236653,6.367613577456649,0.6381456617283625,-30.49487028957811,0
9.239999999999426,2168.364674472754,0.0,2.5523672106591846,7.343941967917582,0.5115232469682773,-32.848939744692245,0
9.243999999999426,2173.6529855814483,0.0,2.5837167605598133,8.323547691928129,0.37521738734078625,-35.298441192313405,0
9.247999999999426,2179.6408002294684,0.0,2.6187961329976943,9.18059829017355,0.22946346254686745,-37.49345983465204,0
9.251999999999425,2186.088097484439,0.0,2.6567298796671075,9.714218455003886,0.07637022041635788,-38.86379069888821,0
9.255999999999425,2192.549575604836,0.0,2.695832127577898,9.746229484674855,-0.07964063572399027,-38.89867205240178,0
9.259999999999424,2198.577244329407,0.0,2.7340206422447295,9.2756866110893,-0.23300799538961314,-37.59454292098169,0
9.263999999999424,2203.9250985758254,0.0,2.7696031810164676,8.479702053002095,-0.3792853925278621,-35.45763183727249,0
9.267999999999423,2208.5574835332886,0.0,2.801696501193561,7.559464615779886,-0.5163302685575921,-33.058049456335894,0
9.271999999999423,2212.549390830192,0.0,2.830085637054598,6.641796980831024,-0.6438786775852101,-30.747998188934098,0
9.275999999999422,2216.0063128754123,0.0,2.854908791785416,5.781261224288022,-0.7626310171257487,-28.671857625272768,0
9.279999999999422,2219.0278390503254,0.0,2.876431106250031,4.991722830132289,-0.8736070389535548,-26.859396898439417,0
9.283999999999422,2221.6970131711305,0.0,2.8949325701882174,4.269510515255137,-0.977834615541596,-25.292845135336158,0
9.287999999999421,2224.080013379555,0.0,2.9106642525876936,3.60507441339586,-1.0762347285596405,-23.939992543813087,0
9.29199999999942,2226.228872535185,0.0,2.923836152206139,2.987911089857497,-1.1695951840290313,-22.76774924069298,0
9.29599999999942,2228.184547769639,0.0,2.93461762780948,2.408358903081388,-1.2585782080219765,-21.74678404454769,0
9.29999999999942,2229.979542964379,0.0,2.9431420081538384,1.858090250154947,-1.3437382218056548,-20.852543778119777,0
9.30399999999942,2231.6399573344934,0.0,2.949512014790315,1.3301094764439259,-1.4255405971336224,-20.064959860158446,0
9.307999999999419,2233.1870330722036,0.0,2.953804791045542,0.8185916881474814,-1.5043782954795546,-19.367775434369495,0
9.311999999999419,2234.6383125512452,0.0,2.9560762056421623,0.3186938833215591,-1.5805856945521946,-18.747844310685874,0
9.315999999999418,2236.0085041115412,0.0,2.9563644314223616,-0.17361452748918238,-1.6544497670530411,-18.194517124310334,0
9.319999999999418,2237.310133677568,0.0,2.954692910175769,-0.6616883939514955,-1.7262190263457171,-17.6991388958788,0
9.323999999999417,2238.554039283049,0.0,2.9510728386882725,-1.1483098785564119,-1.796110673818447,-17.254649846958493,0
9.327999999999417,2239.7497496562473,0.0,2.945505304731249,-1.6357611310667064,-1.8643163278446906,-16.8552722301139,0
9.331999999999416,2240.905776188678,0.0,2.9379831864021924,-2.125870536466465,-1.9310066421329992,-16.496265508116863,0
9.335999999999416,2242.029838995503,0.0,2.9284929134132973,-2.6200360343852642,-1.99633505552168,-16.173734525054236,0
9.339999999999415,2243.1290415183594,0.0,2.9170161762659887,-3.119228245314127,-2.0604408591002894,-15.884478145703405,0
9.343999999999415,2244.210003530539,0.0,2.903531659826303,-3.623975431564215,-2.1234517217764797,-15.625868353535438,0
9.347999999999415,2245.2789589794365,0.0,2.8880168708145604,-4.134331799273911,-2.1854857795187215,-15.39575179259803,0
9.351999999999414,2246.3418224966626,0.0,2.870450123330194,-4.6498303773534815,-2.2466533645567957,-15.19236721243187,0
9.355999999999414,2247.40422640074,0.0,2.85081274163554,-5.169421741376123,-2.307058426856308,-15.014273309296435,0
9.359999999999413,2248.4715284904073,0.0,2.82909153368114,-5.691400254416355,-2.3667996796554363,-14.860282161900694,0
9.363999999999413,2249.548789847347,0.0,2.8052815805871667,-6.2133203772799215,-2.4259714827051972,-14.729393970660814,0
9.367999999999412,2250.6407212928443,0.0,2.779389374310689,-6.7319071075678405,-2.484664460645032,-14.620729301008586,0
9.371999999999412,2251.751597224343,0.0,2.7514363151435965,-7.242966935485201,-2.542965840046879,-14.533455741365193,0
9.375999999999411,2252.8851365443575,0.0,2.7214625487858655,-7.74130906739828,-2.60095947855822,-14.466707134418728,0
9.379999999999411,2254.044352623364,0.0,2.6895310750419235,-8.220691215414817,-2.6587255561831427,-14.41949571606949,0
9.38399999999941,2255.231378083433,0.0,2.6557319920221367,-8.673809887556505,-2.7163399065575007,-14.390620978622573,0
9.38799999999941,2256.4472759224473,0.0,2.620186647806957,-9.092361175705994,-2.773872990772542,-14.378584025063681,0
9.39199999999941,2257.6918560237027,0.0,2.5830513570878466,-9.467202844493682,-2.8313885631781908,-14.381522176251437,0
9.39599999999941,2258.963524543489,0.0,2.5445202140786485,-9.788648959485098,-2.888942149303144,-14.397184156377094,0
9.399999999999409,2260.2592009674777,0.0,2.5048264210670403,-10.0469198972616,-2.9465795436377675,-14.422968493639967,0
9.403999999999408,2261.574340366538,0.0,2.4642414990690824,-10.23274884550502,-3.004335619172693,-14.45604310146922,0
9.407999999999408,2262.9030924951303,0.0,2.4230718112267233,-10.33810930628286,-3.062233786802768,-14.493549439391849,0
9.411999999999408,2264.2386119876824,0.0,2.3816520621954673,-10.356982187766544,-3.120286411267198,-14.532870991877395,0
9.415999999999407,2265.5716509772788,0.0,2.34033584846264,-10.286040627505686,3.1046889507499174,-14.571919923055617,0
9.419999999999407,2266.893729680902,0.0,2.299483862830659,-10.125116242671897,3.0463256968358294,-14.609379545061486,0
9.423999999999406,2268.1979914204408,0.0,2.2594508622932707,-9.877337555949353,2.987816615390191,-14.644844531923214,0
9.427999999999406,2269.4786330474626,0.0,2.2205728224740646,-9.548898203019553,2.9291689525993334,-14.6788274549121,0
9.431999999999405,2270.7312811304014,0.0,2.1831557032205318,-9.148496860891543,2.8703862510227687,-14.712638779850051,0
9.435999999999405,2271.9532056252688,0.0,2.1474669330634946,-8.686560432001151,2.811465550378564,-14.74818086438045,0
9.439999999999404,2273.1433682233173,0.0,2.1137301974746734,-8.174392879521722,2.7523954918189517,-14.787711596870855,0
9.443999999999404,2274.3023312988435,0.0,2.082123557332384,-7.623380209803046,2.6931553419523198,-14.833627973442056,0
9.447999999999404,2275.432069823759,0.0,2.0527804773291685,-7.044341335807716,2.6337147857368244,-14.8883016194846,0
9.451999999999403,2276.535732164642,0.0,2.0257930838337614,-6.4470653900759185,2.5740342515861805,-14.953977501989511,0
9.455999999999403,2277.6173898053207,0.0,2.00121689664579,-5.840034631649188,2.514065520926117,-15.032731327337125,0
9.459999999999402,2278.6818055029016,0.0,1.9790763405828855,-5.230305721570032,2.453752411375209,-15.126472900051022,0
9.463999999999402,2279.7342381810545,0.0,1.9593704791592366,-4.623510633505162,2.3930313789848334,-15.236980905174825,0
9.467999999999401,2280.7802934134897,0.0,1.9420785717145144,-4.023937777661092,2.3318319398561727,-15.36595664108994,0
9.471999999999401,2281.825821614182,0.0,1.927165203565849,-3.4346593109865067,2.2700768543221095,-15.51508784842097,0
9.4759999999994,2282.876862021295,0.0,1.914584859728432,-2.8576783228066103,2.2076820447939163,-15.686117466906456,0
9.4799999999994,2283.9396287621066,0.0,1.904285902364716,-2.2940772661328204,2.144556232643705,-15.880915227623362,0
9.4839999999994,2285.0205351230943,0.0,1.8962139731817018,-1.7441554850746783,2.080600282974302,-16.101552314021458,0
9.4879999999994,2286.126253105649,0.0,1.8903148802557013,-1.2075485907023138,2.015706241603322,-16.350381036562375,0
9.491999999999399,2287.2638070614694,0.0,1.8865370505274903,-0.6833258136452541,1.9497560380658747,-16.63012279378921,0
9.495999999999398,2288.440702480252,0.0,1.8848336401436931,-0.17006354663483214,1.8826198129719565,-16.943968775779464,0
9.499999999999398,2289.665093813734,0.0,1.885164399530705,0.33410564076578464,1.8141538077966253,-17.295699116822192,0
9.503999999999397,2290.945998680957,0.0,1.8874973921674325,0.8314689338651762,1.7441977293765873,-17.689827701058924,0
9.507999999999397,2292.2935701754063,0.0,1.8918106679901143,1.3247348381691033,1.6725714692105242,-18.131781718786208,0
9.511999999999396,2293.7194447100464,0.0,1.8980939965067343,1.8170617498612023,1.5990710162599449,-18.62812742394029,0
9.515999999999396,2295.237190503217,0.0,1.9063507718362622,2.3121158204443577,1.5234633511724027,-19.186856305237132,0
9.519999999999396,2296.862892224773,0.0,1.9166002129867472,2.8141612933686573,1.4454800472010376,-19.817748551756544,0
9.523999999999395,2298.6159213890664,0.0,1.9288799962335048,3.3281867311797386,1.3648092324848697,-20.532831803597663,0
9.527999999999395,2300.5199603913575,0.0,1.943249467511393,3.860068685226575,1.2810855022347027,-21.346948769345182,0
9.531999999999394,2302.604369559648,0.0,1.9597935767761285,4.416766847314222,1.1938773468428536,-22.278427428933377,0
9.535999999999394,2304.9060044395424,0.0,1.97862761618439,5.006523066349777,1.1026717863655229,-23.349787888708857,0
9.539999999999393,2307.471580810414,0.0,1.99990263839193,5.638980577583455,1.0068564328518512,-24.58826184023848,0
9.543999999999393,2310.36057551139,0.0,2.0238108610591325,6.325001979662407,0.9057007722903734,-26.02550519992038,0
9.547999999999393,2313.6482414417274,0.0,2.050588916090991,7.075638499689225,0.7983425640846349,-27.69493738309641,0
9.551999999999392,2317.427091283607,0.0,2.080513341321197,7.898976436046673,0.6837952475078666,-29.6230066000849,0
9.555999999999392,2321.8020451424154,0.0,2.113875053305531,8.792176871080297,0.5610146429184049,-31.806491246272373,0
9.559999999999391,2326.8678859346555,0.0,2.1509051516446114,9.724293080823506,0.42910584020313536,-34.162666718873496,0
9.56399999999939,2332.6506284763195,0.0,2.191608351408629,10.607767277998896,0.28779996180817946,-36.44550634588364,0
9.56799999999939,2339.01075695626,0.0,2.235484107153276,11.277294239416912,0.13826447212329285,-38.18164805721732,0
9.57199999999939,2345.5875109957715,0.0,2.281275361928561,11.537270549661823,-0.01615515830038916,-38.805610675205415,0
9.57599999999939,2351.919038461923,0.0,2.3271150246608414,11.304289452020726,-0.17034445475169946,-38.07427510736688,0
9.579999999999389,2357.6707186625026,0.0,2.3711948541092625,10.688165798124423,-0.3193523412443433,-36.30369968836121,0
9.583999999999389,2362.7270679904045,0.0,2.412376335545982,9.887023588750251,-0.46015543880495,-34.063217609597686,0
9.587999999999388,2367.1230345677723,0.0,2.450253261636881,9.05479890820892,-0.5918260114278411,-31.79069458190345,0
9.591999999999388,2370.9521307006426,0.0,2.48487909450596,8.269154905461672,-0.7147325964270372,-29.70201413319172,0
9.595999999999387,2374.314490481167,0.0,2.516504529090671,7.5562596399288395,-0.8297808797088422,-27.86523917054776,0
9.599999999999387,2377.297678941089,0.0,2.545428465001539,6.917553697687875,-0.9379895410736339,-26.278994184909944,0
9.603999999999386,2379.972887762209,0.0,2.571933362440884,6.3450851669637425,-1.0403116960849985,-24.91676162462132,0
9.607999999999386,2382.39652205594,0.0,2.596263599690616,5.82847324944975,-1.1375796598881323,-23.74663767465716,0
9.611999999999385,2384.6130415486614,0.0,2.6186221235831937,5.357634357155405,-1.230501014587798,-22.73882830539764,0
9.615999999999385,2386.6576534340907,0.0,2.6391737608931614,4.923654631030984,-1.3196725533134668,-21.86787192763712,0
9.619999999999385,2388.558503640669,0.0,2.6580503060734344,4.518923415938558,-1.4055983438838489,-21.112814702723348,0
9.623999999999384,2390.338363912203,0.0,2.6753555215141596,4.137004751005984,-1.4887068434712702,-20.456697786821977,0
9.627999999999384,2392.015905306332,0.0,2.6911694477470682,3.7724398730893016,-1.569365555889565,-19.88589310771986,0
9.631999999999383,2393.606656201992,0.0,2.705551918081685,3.420553681795692,-1.6478930818447708,-19.389481004767628,0
9.635999999999383,2395.1237266360617,0.0,2.7185453514495315,3.0772892752850933,-1.7245688682290599,-18.958725501059867,0
9.639999999999382,2396.578361445408,0.0,2.730176949962729,2.7390759160757603,-1.7996410640615998,-18.58665089049032,0
9.643999999999382,2397.9803681825415,0.0,2.7404604341453584,2.4027295802669726,-1.8733328634999324,-18.26770580666523,0
9.647999999999382,2399.338453029232,0.0,2.749397442322458,2.065384233952462,-1.9458476501574467,-17.99749677775399,0
9.651999999999381,2400.6604883942805,0.0,2.756978715114485,1.7244531566206958,-2.017373185110838,-17.772573712582762,0
9.65599999999938,2401.95372868419,0.0,2.7631851873964237,1.377621817496176,-2.088085013708561,-17.590251254630104,0
9.65999999999938,2403.2249850573794,0.0,2.767989121496395,1.0228765895128358,-2.158149204549126,-17.448451077794306,0
9.66399999999938,2404.4807651050414,0.0,2.7713554388527406,0.6585767998407495,-2.227724475164596,-17.345550472915917,0
9.66799999999938,2405.727378740235,0.0,2.773243444232172,0.2835810719352189,-2.29696369929891,-17.280221906478225,0
9.671999999999379,2406.971006624413,0.0,2.773609187027546,-0.10255790858478181,-2.366014726846764,-17.251246891452432,0
9.675999999999378,2408.217721904226,0.0,2.7724087648110327,-0.499314428383988,-2.4350203782008037,-17.25728630038558,0
9.679999999999378,2409.4734499659253,0.0,2.7696029344518003,-0.9048132872102956,-2.50411740356002,-17.296589951628903,0
9.683999999999378,2410.7438453051595,0.0,2.7651634307466644,-1.315353822125403,-2.573434138633065,-17.366634304508626,0
9.687999999999377,2412.0340620467746,0.0,2.759081352816061,-1.7248596377177954,-2.6430865723434813,-17.463693999080952,0
9.691999999999377,2413.348400198527,0.0,2.7513777836457436,-2.124330998968931,-2.713172628162962,-17.5823880723405,0
9.695999999999376,2414.6898310282336,0.0,2.742116348098861,-2.501457515494814,-2.7837647334195346,-17.71530043683407,0
9.699999999999376,2416.0594495917258,0.0,2.7314165902152183,-2.8406458279450124,-2.85490129954216,-17.85285058845783,0
9.703999999999375,2417.455969934338,0.0,2.719465878166016,-3.123781858330779,-2.9265785764584535,-17.98365134581967,0
9.707999999999375,2418.8754474524276,0.0,2.7065263282749576,-3.331986182188136,-2.9987452849980905,-18.095565466546713,0
9.711999999999374,2420.311433982252,0.0,2.6929326922074743,-3.448335494972079,-3.0713029597110193,-18.177481300087734,0
9.715999999999374,2421.755560958427,0.0,2.6790782094117382,-3.4610252115985327,3.13907097524919,-18.221465964313364,0
9.719999999999374,2423.1954465443578,0.0,2.6653885371775985,-3.36598044357225,3.066165356612615,-18.2245961844977,0
9.723999999999373,2424.6230296643325,0.0,2.6522881251910846,-3.1678809313029466,2.993325122493573,-18.189713653898924,0
9.727999999999373,2426.032219052252,0.0,2.6401665710105284,-2.8791430863086243,2.920687889799435,-18.124761647980765,0
9.731999999999372,2427.419584335838,0.0,2.629352548713211,-2.5172904239789515,2.848352148499483,-18.041007871805338,0
9.735999999999372,2428.78448458631,0.0,2.6200997949977918,-2.1017437580428187,2.7763682748854492,-17.95089390699047,0
9.739999999999371,2430.128761356133,0.0,2.6125853460467567,-1.65104309122147,2.7047376545166735,-17.86622627183819,0
9.743999999999371,2431.4562082158686,0.0,2.6069170165611695,-1.181049419735599,2.6334176770514723,-17.797076507363894,0
9.74799999999937,2432.7720065723165,0.0,2.6031459809298276,-0.7041654542252607,2.562329667611589,-17.751389742818517,0
9.75199999999937,2434.082245959886,0.0,2.6012808442686577,-0.22931507492910735,2.491367293196383,-17.73509764473915,0
9.75599999999937,2435.3935771052234,0.0,2.6013008319642417,0.23764713212674352,2.420403911268572,-17.75249810766889,0
9.75999999999937,2436.7130001584505,0.0,2.6031669385821914,0.6933608957935188,2.3492981793871976,-17.806721594083168,0
9.763999999999369,2438.0477690510947,0.0,2.606830736577429,1.1363847650700039,2.2778978101542755,-17.9001806668009,0
9.767999999999368,2439.4053880307615,0.0,2.612241027904883,1.5667011516347742,2.2060416409059656,-18.034959648108643,0
9.771999999999368,2440.7936800369225,0.0,2.6193487278069973,1.9853288317895967,2.1335602787992336,-18.213138218021307,0
9.775999999999367,2442.2209134698655,0.0,2.628110413532923,2.3940412794379644,2.060275564940415,-18.43706117684906,0
9.779999999999367,2443.6959814671136,0.0,2.6384909366089033,2.795177496722822,1.985999035108506,-18.70957389904517,0
9.783999999999367,2445.228635201091,0.0,2.6504654371325707,3.1915296811598894,1.9105294715189558,-19.034244978292474,0
9.787999999999366,2446.829780098552,0.0,2.6640210393189037,3.586294237520761,1.8336495533783577,-19.415597833304766,0
9.791999999999366,2448.511851942767,0.0,2.679158461166505,3.983076605887331,1.7551215260817905,-19.859373609809932,0
9.795999999999365,2450.2892995990014,0.0,2.6958937418754125,4.3859448389506115,1.6746817163606913,-20.372849580010268,0
9.799999999999365,2452.1792140056896,0.0,2.7142602792795607,4.7995312787307896,1.5920336173558631,-20.96524078741011,0
9.803999999999364,2454.202160940395,0.0,2.734311375276569,5.229185754225839,1.5068391470050422,-21.648217642852483,0
9.807999999999364,2456.3833002037354,0.0,2.7561235076916795,5.681186858216314,1.4187075422206483,-22.436576918886065,0
9.811999999999363,2458.7539086154907,0.0,2.7798005755268598,6.163018275827894,1.3271811994983693,-23.34910292697774,0
9.815999999999363,2461.3534690007764,0.0,2.8054793817276433,6.6837097284396645,1.2317176559141565,-24.409634934635594,0
9.819999999999363,2464.2325336348463,0.0,2.833336569036195,7.254213096619301,1.1316669696956687,-25.64827644545676,0
9.823999999999362,2467.456578525437,0.0,2.863596962841239,7.887697512630699,1.0262444221150986,-27.102436890756877,0
9.827999999999362,2471.1108950013945,0.0,2.8965424112878075,8.59940945440482,0.9145008416103941,-28.816714009323253,0
9.831999999999361,2475.305781756696,0.0,2.9325177483861964,9.405124452656127,0.7952998582543884,-30.83882553934707,0
9.83599999999936,2480.178667784236,0.0,2.9719240132755864,10.31570754797848,0.6673301777638372,-33.204367525413936,0
9.83999999999936,2485.8824046829877,0.0,3.0151734846636664,11.322171057648525,0.529226564709937,-35.89388966564988,0
9.84399999999936,2492.5334021975705,0.0,3.0625507834561674,12.3621058457415,0.37996301826673573,-38.73505038731497,0
9.84799999999936,2500.0833969733753,0.0,3.113898327330112,13.268556462016491,0.21976133084468685,-41.251659912420806,0
9.851999999999359,2508.154131095675,0.0,-3.115034895357649,13.764657631615544,0.05145342278470366,-42.644010611166884,0
9.855999999999359,2516.082736302804,0.0,-3.0600252649207142,13.630258609566443,-0.11899605332791907,-42.27279784135227,0
9.859999999999358,2523.291381271987,0.0,-3.006759560665799,12.92869237056001,-0.2845927812463067,-40.322308462889985,0
9.863999999999358,2529.5488960137413,0.0,-2.9569825597419417,11.934871797438197,-0.4405404763999563,-37.58988825265835,0
9.867999999999357,2534.8941132154096,0.0,-2.911342830029046,10.889823125967173,-0.5852119301863965,-34.76920566571842,0
9.871999999999357,2539.4688632928946,0.0,-2.8697696375578055,9.912769337703152,-0.7190365609428042,-32.197390143924736,0
9.875999999999356,2543.4232294365256,0.0,-2.8319012756740207,9.039124440662246,-0.8432535605275149,-29.96923462238367,0
9.879999999999356,2546.8841919977194,0.0,-2.7973206955871746,8.267089599057195,-0.9592356059540066,-28.07402240217646,0
9.883999999999356,2549.9515825646254,0.0,-2.7656476682350366,7.582680590568423,-1.0682315474396304,-26.4681066781168,0
9.887999999999355,2552.702181375879,0.0,-2.7365637923328414,6.969922524319076,-1.1713025452234618,-25.103966853395598,0
9.891999999999355,2555.194996567195,0.0,-2.709812243764503,6.414275236663101,-1.2693293606162612,-23.939644767524932,0
9.895999999999354,2557.4757724019496,0.0,-2.685189949228832,5.903430630275429,-1.3630398832748227,-22.940691853021672,0
9.899999999999354,2559.5804310775347,0.0,-2.6625387160397906,5.427207240302936,-1.453038481009088,-22.07962085782665,0
9.903999999999353,2561.537602827929,0.0,-2.641737402090399,4.977197385693116,-1.5398315492829369,-21.3347272323936,0
9.907999999999353,2563.3704683881733,0.0,-2.622695572012706,4.546397256921797,-1.6238482487748627,-20.688916038420924,0
9.911999999999352,2565.0981055224365,0.0,-2.6053485366832163,4.128890353536914,-1.7054568976690376,-20.128713912888312,0
9.915999999999352,2566.7364831884342,0.0,-2.5896535252726984,3.7195978959127096,-1.7849778275960233,-19.64348636994443,0
9.919999999999352,2568.2992057458964,0.0,-2.5755867274682345,3.314092131662794,-1.8626934746521755,-19.224831825979553,0
9.923999999999351,2569.7980788671034,0.0,-2.563140969066062,2.9084651918887614,-1.9388563358514475,-18.866113935068253,0
9.92799999999935,2571.2435468241692,0.0,-2.5523238107014983,2.499248029639598,-2.013695270972015,-18.562096408374455,0
9.93199999999935,2572.645035156094,0.0,-2.5431558744007283,2.0833776081835884,-2.0874204968092727,-18.30864972057848,0
9.93599999999935,2574.0112212187023,0.0,-2.535669201600772,1.6582147485891143,-2.1602275080093207,-18.102503647655176,0
9.93999999999935,2575.3502461297003,0.0,-2.5299054277733966,1.2216194940879468,-2.2323000608563532,-17.941022505029384,0
9.943999999999349,2576.6698738820432,0.0,-2.525913522603048,0.7720951600771422,-2.303812266996509,-17.82198128896634,0
9.947999999999348,2577.977595998896,0.0,-2.52374679267108,0.309015642738151,-2.374929757733618,-17.743321259505663,0
9.951999999999348,2579.280672533979,0.0,-2.523458782474421,-0.16704868854008836,-2.445809794535009,-17.702864139130174,0
9.955999999999348,2580.5860926515056,0.0,-2.525097656119417,-0.6538965113857298,-2.5166001234124806,-17.697967521155753,0
9.959999999999347,2581.9004318764164,0.0,-2.5286986312091244,-1.1471596793296275,-2.5874363188862546,-17.725114595567238,0
9.963999999999347,2583.229581941861,0.0,-2.5342741315323387,-1.6397103908509179,-2.658437378108964,-17.77945532147059,0
9.967999999999346,2584.578339413926,0.0,-2.5418016231213905,-2.121121018239613,-2.7296994754329518,-17.854360781748177,0
9.971999999999346,2585.949869583937,0.0,-2.551209714774913,-2.577378748473817,-2.801288162759775,-17.941119667123644,0
9.975999999999345,2587.3451187112255,0.0,-2.562364109473421,-2.9911516896916632,-2.873229968901626,-18.028980367943834,0
9.979999999999345,2588.7623236457516,0.0,-2.5750562745518835,-3.3429312411126144,-2.94550525860479,-18.105776103308177,0
9.983999999999345,2590.1968298954607,0.0,-2.58899878531885,-3.613231855732888,-3.018045043300198,-18.15928433034309,0
9.987999999999344,2591.641418481487,0.0,-2.6038313267742765,-3.785642265899712,-3.0907345674566074,-18.179204641470747,0
9.991999999999344,2593.0861132044693,0.0,-2.6191394531324264,-3.849988547052133,3.1197600390609352,-18.15925314424767,0
9.995999999999343,2594.5191536107186,0.0,-2.6344844153841294,-3.8045199647274845,3.0472312309840888,-18.098607766629762,0
9.999999999999343,2595.9324056667347,0.0,-2.6494381960974067,-3.6562299967115757,2.9750192276754177,-18.002075826280343,0
10.003999999999342,2597.3198847319086,0.0,-2.663615732024631,-3.4191858372689503,2.903250251369549,-17.878904432704505,0
